,id,url,domainip,whoisinfo,nameserverips,servermeta,geodata
0,1,forensicsfocus.com,72.52.4.120,"{'last_updated': datetime.datetime(2016, 6, 30, 0, 0), 'name': 'forensicsfocus.com', 'expiration_date': datetime.datetime(2017, 5, 28, 0, 0), 'creation_date': datetime.datetime(2004, 5, 28, 0, 0), 'registrar': 'PDR LTD. D/B/A PUBLICDOMAINREGISTRY.COM', 'name_servers': set(['ns2.sedoparking.com', 'ns1.sedoparking.com'])}","['209.200.165.74', '209.200.164.69']","{'Content-Length': '8827', 'X-Cache': 'MISS from 340791', 'X-Powered-By': 'PHP/5.6.25-1~dotdeb.7.1', 'Set-Cookie': 'tu=8c9c2a8baf54d8aa28262ed0cbc4cde9; expires=Tue, 31-Dec-2019 23:00:00 GMT; Max-Age=100578215; path=/; domain=forensicsfocus.com; httponly, NSC_tfep-83+63+5+231-91=ffffffff516a73d445525d5f4f58455e445a4a423660;path=/;httponly', 'Cneonction': 'close', 'Expires': 'Mon, 26 Jul 1997 05:00:00 GMT', 'Vary': 'Accept-Encoding', 'Connection': 'Keep-Alive', 'Server': 'Apache/2.2.22 (Debian)', 'Last-Modified': 'Sun, 23 Oct 2016 20:36:24 GMT', 'X-Adblock-Key': 'MFwwDQYJKoZIhvcNAQEBBQADSwAwSAJBANnylWw2vLY4hUn9w06zQKbhKBfvjFUCsdFlb6TdQhxb9RXWXuI4t31c+o8fYOv/s8q1LGPga3DE1L/tHU4LENMCAwEAAQ==_L4dzS+AdPpdpnCLurZKrUvvERP+RTBp/uMtbl5CsQtCJTrIdaO0dYE6Y2SU4GF6hWdq/eM49VQ2x4Z1vHCCpOw==', 'Pragma': 'no-cache', 'Cache-Control': 'no-store, no-cache, must-revalidate, post-check=0, pre-check=0', 'Date': 'Sun, 23 Oct 2016 20:36:24 GMT', 'Content-Type': 'text/html; charset=UTF-8', 'Content-Encoding': 'gzip'}","[(u'Cambridge', 42.362599999999986, -71.0843), (u'Cambridge', 42.362599999999986, -71.0843)]"
1,2,sans.org,66.35.59.202,"{'last_updated': None, 'name': 'sans.org', 'expiration_date': None, 'creation_date': None, 'registrar': 'DomainPeople, Inc.', 'name_servers': set(['dns21a.sans.org', 'dns31a.sans.org', 'dns31b.sans.org', 'dns21b.sans.org'])}","['66.35.59.7', '204.51.94.7', '204.51.94.8', '66.35.59.8']","{'X-XSS-Protection': '1; mode=block', 'X-Content-Type-Options': 'nosniff', 'Transfer-Encoding': 'chunked', 'Set-Cookie': 'sans=0692baadb028dc97ca28233a95b58ce5; expires=Sun, 23-Oct-2016 21:36:27 GMT; path=/; domain=www.sans.org; secure; HttpOnly, sans=9028192914f6c19d404557d886f75917; expires=Sun, 23-Oct-2016 21:36:27 GMT; path=/; domain=www.sans.org; secure; HttpOnly', 'Strict-Transport-Security': 'max-age=31556926; includeSubdomains', 'Expires': 'Thu, 19 Nov 1981 08:52:00 GMT', 'Server': 'nginx', 'Connection': 'keep-alive', 'Pragma': 'no-cache', 'Cache-Control': 'no-store, no-cache, must-revalidate, post-check=0, pre-check=0', 'Date': 'Sun, 23 Oct 2016 20:36:28 GMT', 'X-Frame-Options': 'SAMEORIGIN', 'Content-Type': 'text/html; charset=ISO-8859-1'}","[(u'Bethesda', 39.006, -77.1025), (u'Bethesda', 39.006, -77.1025), (u'Bethesda', 39.006, -77.1025), (u'Bethesda', 39.006, -77.1025)]"
2,3,sans.org,66.35.59.202,"{'last_updated': None, 'name': 'sans.org', 'expiration_date': None, 'creation_date': None, 'registrar': 'DomainPeople, Inc.', 'name_servers': set(['dns21a.sans.org', 'dns31a.sans.org', 'dns31b.sans.org', 'dns21b.sans.org'])}","['66.35.59.7', '204.51.94.7', '204.51.94.8', '66.35.59.8']","{'X-XSS-Protection': '1; mode=block', 'X-Content-Type-Options': 'nosniff', 'Transfer-Encoding': 'chunked', 'Set-Cookie': 'sans=b437d17c165705dcbd1235305f495997; expires=Sun, 23-Oct-2016 21:36:30 GMT; path=/; domain=www.sans.org; secure; HttpOnly, sans=0abdb16f019a0d20fd8e18f97b98fe2b; expires=Sun, 23-Oct-2016 21:36:30 GMT; path=/; domain=www.sans.org; secure; HttpOnly', 'Strict-Transport-Security': 'max-age=31556926; includeSubdomains', 'Expires': 'Thu, 19 Nov 1981 08:52:00 GMT', 'Server': 'nginx', 'Connection': 'keep-alive', 'Pragma': 'no-cache', 'Cache-Control': 'no-store, no-cache, must-revalidate, post-check=0, pre-check=0', 'Date': 'Sun, 23 Oct 2016 20:36:30 GMT', 'X-Frame-Options': 'SAMEORIGIN', 'Content-Type': 'text/html; charset=ISO-8859-1'}","[(u'Bethesda', 39.006, -77.1025), (u'Bethesda', 39.006, -77.1025), (u'Bethesda', 39.006, -77.1025), (u'Bethesda', 39.006, -77.1025)]"
3,4,deftlinux.net,94.23.64.4,"{'last_updated': datetime.datetime(2016, 9, 22, 0, 0), 'name': 'deftlinux.net', 'expiration_date': datetime.datetime(2018, 7, 1, 0, 0), 'creation_date': datetime.datetime(2008, 7, 1, 0, 0), 'registrar': 'OVH', 'name_servers': set(['ns200.anycast.me', 'dns200.anycast.me'])}","['46.105.207.200', '46.105.206.200']","{'X-Powered-By': 'PHP/5.6.25', 'Transfer-Encoding': 'chunked', 'Set-Cookie': '240planD=R1693182855; path=/; expires=Sun, 23-Oct-2016 20:44:19 GMT, _icl_current_language=en; expires=Mon, 24-Oct-2016 20:36:34 GMT; Max-Age=86400; path=/, _icl_current_language=en; expires=Mon, 24-Oct-2016 20:36:34 GMT; Max-Age=86400; path=/', 'Content-Encoding': 'gzip', 'Vary': 'Accept-Encoding', 'Server': 'Apache', 'Link': '<http://www.deftlinux.net/wp-json/>; rel=""https://api.w.org/""', 'Date': 'Sun, 23 Oct 2016 20:36:34 GMT', 'Content-Type': 'text/html; charset=UTF-8'}","[(None, 48.85820000000001, 2.3386999999999887), (None, 48.85820000000001, 2.3386999999999887)]"
4,5,accessdata.com,54.83.13.15,"{'last_updated': datetime.datetime(2014, 12, 14, 0, 0), 'name': 'accessdata.com', 'expiration_date': datetime.datetime(2020, 12, 5, 0, 0), 'creation_date': datetime.datetime(1994, 12, 6, 0, 0), 'registrar': 'GODADDY.COM, LLC', 'name_servers': set(['ns22.domaincontrol.com', 'ns21.domaincontrol.com'])}","['208.109.255.11', '216.69.185.11']","{'Content-Length': '8890', 'X-Powered-By': 'PHP/5.5.9-1ubuntu4.9', 'Set-Cookie': 'exp_last_visit=1161894998; expires=Mon, 23-Oct-2017 20:36:38 GMT; Max-Age=31536000; path=/; httponly, exp_last_activity=1477254998; expires=Mon, 23-Oct-2017 20:36:38 GMT; Max-Age=31536000; path=/; httponly, exp_tracker=a%3A1%3A%7Bi%3A0%3Bs%3A5%3A%22index%22%3B%7D; path=/; httponly, exp_csrf_token=deleted; expires=Thu, 01-Jan-1970 00:00:01 GMT; Max-Age=0; path=/; httponly, exp_csrf_token=6199b6ad9544cc1a924ad5909708efe498e904dd; expires=Sun, 23-Oct-2016 22:36:38 GMT; Max-Age=7200; path=/; httponly', 'Expires': 'Mon, 26 Jul 1997 05:00:00 GMT', 'Vary': 'Accept-Encoding', 'Keep-Alive': 'timeout=5, max=100', 'Server': 'Apache/2.4.7 (Ubuntu)', 'Last-Modified': 'Sun, 23 Oct 2016 20:36:39 GMT', 'Connection': 'Keep-Alive', 'Pragma': 'no-cache', 'Date': 'Sun, 23 Oct 2016 20:36:38 GMT', 'X-Frame-Options': 'sameorigin', 'Content-Type': 'text/html; charset=UTF-8', 'Content-Encoding': 'gzip'}","[(u'Scottsdale', 33.61189999999999, -111.8906), (u'Chandler', 33.32329999999999, -111.8244)]"
5,6,blogspot.com,216.58.217.105,"{'last_updated': datetime.datetime(2016, 6, 29, 0, 0), 'name': 'blogspot.com', 'expiration_date': datetime.datetime(2017, 7, 31, 0, 0), 'creation_date': datetime.datetime(2000, 7, 31, 0, 0), 'registrar': 'MARKMONITOR INC.', 'name_servers': set(['ns3.google.com', 'ns4.google.com', 'ns1.google.com', 'ns2.google.com'])}","['216.239.36.10', '216.239.38.10', '216.239.32.10', '216.239.34.10']","{'X-XSS-Protection': '1; mode=block', 'X-Content-Type-Options': 'nosniff', 'Content-Security-Policy': ""default-src 'self' https://*.google-analytics.com https://*.googleusercontent.com https://*.gstatic.com; script-src 'self' 'unsafe-inline' https://*.google-analytics.com https://*.googleapis.com; style-src 'self' 'unsafe-inline' https://*.googleapis.com"", 'Content-Encoding': 'gzip', 'Transfer-Encoding': 'chunked', 'Expires': 'Sun, 23 Oct 2016 20:36:39 GMT', 'Vary': 'Accept-Encoding', 'Server': 'sffe', 'Last-Modified': 'Mon, 10 Oct 2016 03:15:00 GMT', 'Cache-Control': 'private, max-age=0', 'Date': 'Sun, 23 Oct 2016 20:36:39 GMT', 'Alt-Svc': 'quic="":443""; ma=2592000; v=""36,35,34,33,32""', 'Content-Type': 'text/html'}","[(None, 34.05439999999999, -118.244), (None, 34.05439999999999, -118.244), (None, 34.05439999999999, -118.244), (None, 34.05439999999999, -118.244)]"
6,7,digitalcorpora.org,129.174.125.204,"{'last_updated': None, 'name': 'digitalcorpora.org', 'expiration_date': None, 'creation_date': None, 'registrar': 'New Dream Network, LLC dba DreamHost Web Hosting', 'name_servers': set(['ns2.dreamhost.com', 'ns3.dreamhost.com', 'ns1.dreamhost.com'])}","['208.97.182.10', '66.33.216.216', '66.33.206.206']","{'X-Powered-By': 'PHP/5.3.3', 'Transfer-Encoding': 'chunked', 'Server': 'Apache/2.2.15 (CentOS)', 'Connection': 'close', 'Link': '<http://digitalcorpora.org/wp-json/>; rel=""https://api.w.org/"", <http://digitalcorpora.org/>; rel=shortlink', 'Date': 'Sun, 23 Oct 2016 20:36:42 GMT', 'Content-Type': 'text/html; charset=UTF-8'}","[(u'Brea', 33.92689999999999, -117.8612), (u'Brea', 33.92689999999999, -117.8612), (u'Brea', 33.92689999999999, -117.8612)]"
7,8,sleuthkit.org,69.163.161.254,"{'last_updated': None, 'name': 'sleuthkit.org', 'expiration_date': None, 'creation_date': None, 'registrar': 'GoDaddy.com, LLC', 'name_servers': set(['ns2.dreamhost.com', 'ns3.dreamhost.com', 'ns1.dreamhost.com'])}","['208.97.182.10', '66.33.216.216', '66.33.206.206']","{'Content-Length': '3995', 'Content-Encoding': 'gzip', 'Vary': 'Accept-Encoding', 'Keep-Alive': 'timeout=2, max=100', 'Server': 'Apache', 'Connection': 'Keep-Alive', 'Date': 'Sun, 23 Oct 2016 20:36:49 GMT', 'Content-Type': 'text/html'}","[(u'Brea', 33.92689999999999, -117.8612), (u'Brea', 33.92689999999999, -117.8612), (u'Brea', 33.92689999999999, -117.8612)]"
8,9,sourceforge.net,216.34.181.60,"{'last_updated': datetime.datetime(2016, 7, 20, 0, 0), 'name': 'sourceforge.net', 'expiration_date': datetime.datetime(2017, 8, 8, 0, 0), 'creation_date': datetime.datetime(1999, 8, 8, 0, 0), 'registrar': 'TUCOWS DOMAINS INC.', 'name_servers': set(['ns2.dnsmadeeasy.com', 'ns3.dnsmadeeasy.com', 'ns1.dnsmadeeasy.com', 'ns4.dnsmadeeasy.com'])}","['208.80.126.2', '208.80.125.2', '208.80.124.2', '208.80.127.2']","{'Content-Length': '80102', 'X-Content-Type-Options': 'nosniff', 'Set-Cookie': 'VISITOR=580d1f64b6cbcd3f7a1e985c; expires=""Wed, 21-Oct-2026 20:36:52 GMT""; httponly; Max-Age=315360000; Path=/, sourceforge=ae9f5c46edea777be6fb41ffe978b8d7a6110fbagAJ9cQEoVQxsYW5kaW5nX3BhZ2VxAlUBL1UFcHJlZnNxA31xBFUdcGVyc2lzdGVudF9xdWVyeXN0cmluZ19zd2l0Y2hxBVUAVQNrZXlxBlUYNTgwZDFmNjRiNmNiY2QzZjdhMWU5ODVjcQdVA19pZHEIVSA0Y2I3NThmOGU1NDA0OGZlOTgxNTdkM2FmMDg2Mzg3NnEJVQ5fYWNjZXNzZWRfdGltZXEKR0HWA0fZGLDeVQ5fY3JlYXRpb25fdGltZXELR0HWA0fZGLDVdS4=; expires=Tue, 19-Jan-2038 03:14:07 GMT; httponly; Path=/; secure', 'Server': 'nginx', 'Connection': 'close', 'X-UA-Compatible': 'IE=edge,chrome=1', 'Pragma': 'no-cache', 'Cache-Control': 'no-cache', 'Date': 'Sun, 23 Oct 2016 20:36:52 GMT', 'X-Frame-Options': 'SAMEORIGIN', 'Content-Type': 'text/html; charset=utf-8', 'X-XRDS-Location': 'http://sourceforge.net/account/xrds.php'}","[(u'Reston', 38.93109999999999, -77.3489), (u'Reston', 38.93109999999999, -77.3489), (u'Reston', 38.93109999999999, -77.3489), (u'Reston', 38.93109999999999, -77.3489)]"
9,10,forensicswiki.org,64.9.81.14,"{'last_updated': None, 'name': 'forensicswiki.org', 'expiration_date': None, 'creation_date': None, 'registrar': 'GoDaddy.com, LLC', 'name_servers': set(['ns2.forensicswiki.org', 'ns1.forensicswiki.org'])}","['209.217.208.83', '209.217.208.82']","{'X-Content-Type-Options': 'nosniff', 'Content-language': 'en', 'X-Powered-By': 'PHP/5.4.16', 'Transfer-Encoding': 'chunked', 'Expires': 'Thu, 01 Jan 1970 00:00:00 GMT', 'Vary': 'Accept-Encoding,Cookie', 'Keep-Alive': 'timeout=5, max=99', 'Server': 'Apache/2.4.6 (CentOS) PHP/5.4.16', 'Last-Modified': 'Thu, 01 Sep 2016 13:02:15 GMT', 'Connection': 'Keep-Alive', 'X-UA-Compatible': 'IE=Edge', 'Cache-Control': 'private, must-revalidate, max-age=0', 'Date': 'Sun, 23 Oct 2016 20:36:54 GMT', 'Content-Type': 'text/html; charset=UTF-8'}","[(u'Syracuse', 43.05099999999999, -76.1769), (u'Syracuse', 43.05099999999999, -76.1769)]"
10,11,tenable.com,4.59.136.200,"{'last_updated': datetime.datetime(2015, 2, 10, 0, 0), 'name': 'tenable.com', 'expiration_date': datetime.datetime(2017, 4, 11, 0, 0), 'creation_date': datetime.datetime(1997, 4, 10, 0, 0), 'registrar': 'NETWORK SOLUTIONS, LLC.', 'name_servers': set(['ns4.tenablesecurity.com', 'ns7.tenablesecurity.com', 'ns8.tenablesecurity.com', 'ns6.tenablesecurity.com'])}","['4.79.179.73', '4.59.136.222', '50.31.149.80', '63.148.88.72']","{'Content-Length': '25267', 'X-XSS-Protection': '1; mode=block', 'X-Content-Type-Options': 'nosniff', 'Content-Language': 'en', 'Content-Encoding': 'gzip', 'X-Cache': '1', 'Accept-Ranges': 'bytes', 'X-Powered-By': 'Tenable', 'Vary': 'Cookie,Accept-Encoding', 'X-CHits': '2360', 'Server': 'Apache', 'Last-Modified': 'Sun, 23 Oct 2016 16:07:49 GMT', 'Connection': 'keep-alive', 'Link': '<http://www.tenable.com/>; rel=""canonical"",<http://www.tenable.com/>; rel=""shortlink""', 'cache-control': 'max-age = 3600', 'Date': 'Sun, 23 Oct 2016 20:37:04 GMT', 'Content-Type': 'text/html; charset=utf-8', 'age': '0'}","[(u'Whippany', 40.822900000000004, -74.4197), (u'Royersford', 40.20400000000001, -75.5381), (u'Elmhurst', 41.891699999999986, -87.9359), (u'Columbia', 39.20429999999999, -76.8833)]"
11,12,metasploit.com,52.84.34.112,"{'last_updated': datetime.datetime(2015, 12, 16, 0, 0), 'name': 'metasploit.com', 'expiration_date': datetime.datetime(2020, 6, 10, 0, 0), 'creation_date': datetime.datetime(2003, 6, 10, 0, 0), 'registrar': 'MARKMONITOR INC.', 'name_servers': set(['ns-1709.awsdns-21.co.uk', 'ns-1441.awsdns-52.org', 'ns-627.awsdns-14.net', 'ns-290.awsdns-36.com'])}","['205.251.198.173', '205.251.197.161', '205.251.194.115', '205.251.193.34']","{'Content-Length': '3838', 'X-XSS-Protection': '1; mode=block', 'X-Cache': 'Miss from cloudfront', 'X-Content-Type-Options': 'nosniff', 'Content-Encoding': 'gzip', 'Vary': 'Accept-Encoding', 'Server': 'Apache', 'Connection': 'keep-alive', 'Via': '1.1 261e801dca9c54ff576f39f96d80ede5.cloudfront.net (CloudFront)', 'X-Amz-Cf-Id': '77iEhOutDApJGyAaigLJDTutVzcWT1MqvAE5b5JEd7Pmnah3T74B3A==', 'Date': 'Sun, 23 Oct 2016 20:37:07 GMT', 'X-Frame-Options': 'SAMEORIGIN', 'Content-Type': 'text/html;charset=ISO-8859-1'}","[(u'Seattle', 47.610299999999995, -122.3341), (u'Seattle', 47.610299999999995, -122.3341), (u'Seattle', 47.610299999999995, -122.3341), (u'Seattle', 47.610299999999995, -122.3341)]"
12,13,reddit.com,151.101.1.140,"{'last_updated': datetime.datetime(2016, 9, 7, 0, 0), 'name': 'reddit.com', 'expiration_date': datetime.datetime(2017, 4, 29, 0, 0), 'creation_date': datetime.datetime(2005, 4, 29, 0, 0), 'registrar': 'GANDI SAS', 'name_servers': set(['ns-378.awsdns-47.com', 'ns-1029.awsdns-00.org', 'name', 'ns-557.awsdns-05.net', 'ns-1887.awsdns-43.co.uk'])}","['205.251.193.122', '205.251.196.5', 'Not Found']","{'X-Timer': 'S1477255030.780767,VS0,VE413', 'Content-Length': '27992', 'x-xss-protection': '1; mode=block', 'X-Cache': 'MISS', 'x-content-type-options': 'nosniff', 'Content-Encoding': 'gzip', 'set-cookie': 'loid=EvSOzH1HQy26cTOhnH; Domain=reddit.com; Max-Age=63071999; Path=/; expires=Tue, 23-Oct-2018 20:37:11 GMT; secure, loidcreated=2016-10-23T20%3A37%3A10.792Z; Domain=reddit.com; Max-Age=63071999; Path=/; expires=Tue, 23-Oct-2018 20:37:11 GMT; secure', 'Accept-Ranges': 'bytes', 'Strict-Transport-Security': 'max-age=15552000; includeSubDomains; preload', 'Vary': 'accept-encoding', 'X-Served-By': 'cache-iad2626-IAD', 'X-Moose': 'majestic', 'Connection': 'keep-alive', 'Via': '1.1 varnish', 'X-Cache-Hits': '0', 'x-ua-compatible': 'IE=edge', 'cache-control': 'max-age=0, must-revalidate', 'Date': 'Sun, 23 Oct 2016 20:37:11 GMT', 'x-frame-options': 'SAMEORIGIN', 'Server': 'snooserv', 'Content-Type': 'text/html; charset=UTF-8'}",['Not Found']
13,14,nuitduhack.com,5.104.97.100,"{'last_updated': datetime.datetime(2016, 7, 5, 0, 0), 'name': 'nuitduhack.com', 'expiration_date': datetime.datetime(2017, 8, 5, 0, 0), 'creation_date': datetime.datetime(2004, 8, 5, 0, 0), 'registrar': 'GANDI SAS', 'name_servers': set(['dnssec:', 'b.dns.gandi.net', 'c.dns.gandi.net', 'name', 'a.dns.gandi.net'])}",['Not Found'],"{'Strict-Transport-Security': 'max-age=63072000', 'Content-Encoding': 'gzip', 'Transfer-Encoding': 'chunked', 'Expires': 'Sun, 23 Oct 2016 20:37:26 GMT', 'Vary': 'Accept-Encoding', 'Server': 'nginx', 'Last-Modified': 'Wed, 29 Jun 2016 09:18:22 GMT', 'Connection': 'keep-alive', 'ETag': 'W/""5773925e-268c""', 'Cache-Control': 'no-cache', 'Date': 'Sun, 23 Oct 2016 20:37:27 GMT', 'X-Frame-Options': 'SAMEORIGIN', 'Content-Type': 'text/html'}",['Not Found']
14,15,secuinside.com,211.110.5.74,"{'last_updated': datetime.datetime(2015, 6, 22, 0, 0), 'name': 'secuinside.com', 'expiration_date': datetime.datetime(2018, 8, 31, 0, 0), 'creation_date': datetime.datetime(2011, 8, 31, 0, 0), 'registrar': 'NETPIA.COM, INC.', 'name_servers': set(['ns1.cafe24.co.kr', 'ns2.cafe24.co.kr', 'ns1.cafe24.com', 'ns2.cafe24.com'])}","['112.175.246.233', '112.175.247.232', '175.125.93.134', '1.226.85.4']","{'Content-Length': '53', 'X-Powered-By': 'PHP/5.3.3', 'Server': 'Apache/2.2.15 (CentOS)', 'Connection': 'close', 'Date': 'Sun, 23 Oct 2016 20:34:36 GMT', 'Content-Type': 'text/html; charset=UTF-8'}","[(None, 37.5112, 126.97410000000002), (None, 37.5112, 126.97410000000002), (None, 37.5112, 126.97410000000002), (u'Seoul', 37.5985, 126.97829999999999)]"
15,16,ghostintheshellcode.com,66.33.213.108,"{'last_updated': datetime.datetime(2016, 1, 13, 0, 0), 'name': 'ghostintheshellcode.com', 'expiration_date': datetime.datetime(2017, 1, 12, 0, 0), 'creation_date': datetime.datetime(2010, 1, 12, 0, 0), 'registrar': 'DREAMHOST, LLC', 'name_servers': set(['ns2.dreamhost.com', 'ns3.dreamhost.com', 'ns1.dreamhost.com'])}","['208.97.182.10', '66.33.216.216', '66.33.206.206']","{'Content-Length': '3218', 'Content-Encoding': 'gzip', 'Accept-Ranges': 'bytes', 'Vary': 'Accept-Encoding', 'Keep-Alive': 'timeout=2, max=100', 'Server': 'Apache', 'Last-Modified': 'Thu, 31 Dec 2015 01:47:07 GMT', 'Connection': 'Keep-Alive', 'ETag': '""2244-52827d514d4ab""', 'Date': 'Sun, 23 Oct 2016 20:37:34 GMT', 'Content-Type': 'text/html'}","[(u'Brea', 33.92689999999999, -117.8612), (u'Brea', 33.92689999999999, -117.8612), (u'Brea', 33.92689999999999, -117.8612)]"
16,17,44con.com,192.0.78.24,"{'last_updated': datetime.datetime(2016, 4, 25, 0, 0), 'name': '44con.com', 'expiration_date': datetime.datetime(2017, 3, 11, 0, 0), 'creation_date': datetime.datetime(2011, 3, 11, 0, 0), 'registrar': 'TUCOWS DOMAINS INC.', 'name_servers': set(['ns1.wordpress.com', 'ns2.wordpress.com', 'ns3.wordpress.com'])}","['198.181.116.9', '198.181.117.9', '192.0.74.9']","{'Content-Encoding': 'gzip', 'Transfer-Encoding': 'chunked', 'Strict-Transport-Security': 'max-age=86400', 'Vary': 'Accept-Encoding, Cookie', 'X-ac': '3.ewr _dca', 'Server': 'nginx', 'Connection': 'keep-alive', 'Link': '<http://wp.me/6Luow>; rel=shortlink', 'Date': 'Sun, 23 Oct 2016 20:37:36 GMT', 'X-hacker': ""If you're reading this, you should visit automattic.com/jobs and apply to join the fun, mention this header."", 'Content-Type': 'text/html; charset=UTF-8'}","[(u'San Francisco', 37.748400000000004, -122.4156), (u'San Francisco', 37.748400000000004, -122.4156), (u'San Francisco', 37.748400000000004, -122.4156)]"
17,18,derbycon.com,45.79.164.10,"{'last_updated': datetime.datetime(2016, 4, 15, 0, 0), 'name': 'derbycon.com', 'expiration_date': datetime.datetime(2017, 5, 14, 0, 0), 'creation_date': datetime.datetime(2010, 5, 14, 0, 0), 'registrar': 'ENOM, INC.', 'name_servers': set(['ns2.dnsimple.com', 'ns4.dnsimple.com', 'ns1.dnsimple.com', 'ns3.dnsimple.com'])}","['162.159.25.4', '162.159.27.4', '162.159.24.4', '162.159.26.4']","{'Content-Length': '4168', 'X-Powered-By': 'PHP/5.5.9-1ubuntu4.19', 'Content-Encoding': 'gzip', 'Vary': 'Accept-Encoding', 'Keep-Alive': 'timeout=5, max=100', 'Server': 'Apache', 'Connection': 'Keep-Alive', 'Link': '<https://www.derbycon.com/wp-json/>; rel=""https://api.w.org/"", <https://www.derbycon.com/>; rel=shortlink', 'Date': 'Sun, 23 Oct 2016 20:37:39 GMT', 'Content-Type': 'text/html; charset=UTF-8'}","[(u'San Francisco', 37.7697, -122.39330000000001), (u'San Francisco', 37.7697, -122.39330000000001), (u'San Francisco', 37.7697, -122.39330000000001), (u'San Francisco', 37.7697, -122.39330000000001)]"
18,19,summercon.org,146.20.26.215,"{'last_updated': None, 'name': 'summercon.org', 'expiration_date': None, 'creation_date': None, 'registrar': 'GoDaddy.com, LLC', 'name_servers': set(['ns.tesuji.org', 'ns.angstrom.net'])}","['72.43.165.235', '23.25.95.130']","{'Content-Length': '3762', 'Content-Encoding': 'gzip', 'Accept-Ranges': 'bytes', 'Vary': 'Accept-Encoding', 'Keep-Alive': 'timeout=5, max=100', 'Server': 'Cocaine-8 (Ball)', 'Last-Modified': 'Mon, 13 Jun 2016 18:28:22 GMT', 'Connection': 'Keep-Alive', 'ETag': '""2d30-5352d0da7a8fa-gzip""', 'Cache-Control': 'max-age=7200, must-revalidate', 'Date': 'Sun, 23 Oct 2016 20:37:42 GMT', 'Content-Type': 'text/html; charset=UTF-8'}","[(u'Ozone Park', 40.676500000000004, -73.8467), (None, 37.751000000000005, -97.822)]"
19,20,blackhat.com,104.20.66.243,"{'last_updated': datetime.datetime(2016, 5, 26, 0, 0), 'name': 'blackhat.com', 'expiration_date': datetime.datetime(2017, 5, 30, 0, 0), 'creation_date': datetime.datetime(1997, 5, 31, 0, 0), 'registrar': 'CSC CORPORATE DOMAINS, INC.', 'name_servers': set(['rick.ns.cloudflare.com', 'may.ns.cloudflare.com'])}","['173.245.59.139', '173.245.58.135']","{'Content-Encoding': 'gzip', 'Transfer-Encoding': 'chunked', 'Set-Cookie': '__cfduid=de977c43e5e3b1792877de7078a67b1981477255064; expires=Mon, 23-Oct-17 20:37:44 GMT; path=/; domain=.blackhat.com; HttpOnly', 'Server': 'cloudflare-nginx', 'Last-Modified': 'Thu, 20 Oct 2016 19:49:39 GMT', 'Connection': 'keep-alive', 'ETag': 'W/""58091fd3-b7b4""', 'Date': 'Sun, 23 Oct 2016 20:37:44 GMT', 'CF-RAY': '2f67fd18133a21c2-EWR', 'Content-Type': 'text/html'}","[(u'San Francisco', 37.7697, -122.39330000000001), (u'San Francisco', 37.7697, -122.39330000000001)]"
20,21,defcon.org,162.222.171.206,"{'last_updated': None, 'name': 'defcon.org', 'expiration_date': None, 'creation_date': None, 'registrar': 'Gandi SAS', 'name_servers': set(['dns-3.datamerica.com', 'dns-2.datamerica.com', 'dns-1.datamerica.com'])}","['162.222.171.197', '64.87.1.238', '162.222.171.195']","{'Content-Length': '17392', 'X-XSS-Protection': '1; mode=block', 'X-Download-Options': 'noopen', 'Content-Security-Policy': ""default-src https://www.defcon.org https://defcon.org; iframe-ancestors 'none'; reflected-xss block"", 'X-Content-Type-Options': 'nosniff', 'Content-Encoding': 'gzip', 'Strict-Transport-Security': 'max-age=16070400; includeSubDomains; preload', 'Server': 'Apache', 'Last-Modified': 'Wed, 19 Oct 2016 01:00:04 GMT', 'Connection': 'keep-alive', 'ETag': '""5806c594-43f0""', 'X-Permitted-Cross-Domain-Policies': 'master-only', 'Cache-Control': 'max-age=3600', 'Date': 'Sun, 23 Oct 2016 20:37:47 GMT', 'X-Frame-Options': 'DENY', 'X-Content-Security-Policy': 'default-src https://www.defcon.org https://defcon.org', 'Content-Type': 'text/html; charset=UTF-8', 'Public-Key-Pins': 'pin-sha256=""yWaMel33fdFA/0OzFZ31nfVz62HDFamcacK7bT2vXv8=""; pin-sha256=""EKLoWvNPRVgny/aTX+btVr/lIdXMPjh5pHM3N5GMxnM=""; pin-sha256=""zOyApUK2qq2q/NlF/9TfQzisM3JbRkFlEeYkd3OFmhE=""; max-age=60', 'X-WebKit-CSP': ""default-src 'self'""}","[(u'Seattle', 47.57159999999999, -122.3327), (None, 34.05439999999999, -118.244), (u'Seattle', 47.57159999999999, -122.3327)]"
21,22,passwordscon.org,199.83.131.92,"{'last_updated': None, 'name': 'passwordscon.org', 'expiration_date': None, 'creation_date': None, 'registrar': 'eNom, Inc.', 'name_servers': set(['ns1.embeddedintl.com', 'ns2.embeddedintl.com'])}","['209.147.121.163', '209.147.121.178']","{'Content-Length': '6565', 'Set-Cookie': 'visid_incap_94260=Hx+3eQFqTf2HUHrGOxro3J8fDVgAAAAAQUIPAAAAAADPkhGMwp+JwHf1OZatIRkR; expires=Mon, 23 Oct 2017 13:59:41 GMT; path=/; Domain=.passwordscon.org, incap_ses_227_94260=VMEZLTXwbRiVmdaEFHkmA58fDVgAAAAAuxY85F8P0oiZTbVnVkN7mQ==; path=/; Domain=.passwordscon.org', 'Connection': 'close, close', 'Cache-Control': 'no-cache', 'X-Iinfo': '10-99633755-0 0NNN RT(1477255071030 2) q(0 -1 -1 1) r(0 -1) B10(4,289,0) U10000', 'Content-Type': 'text/html'}","[(u'Tacoma', 47.248999999999995, -122.5316), (u'Tacoma', 47.248999999999995, -122.5316)]"
22,23,facebook.com,31.13.69.228,"{'last_updated': datetime.datetime(2015, 8, 25, 0, 0), 'name': 'facebook.com', 'expiration_date': datetime.datetime(2020, 3, 30, 0, 0), 'creation_date': datetime.datetime(1997, 3, 29, 0, 0), 'registrar': 'MARKMONITOR INC.', 'name_servers': set(['b.ns.facebook.com', 'a.ns.facebook.com'])}","['69.171.255.12', '69.171.239.12']","{'Strict-Transport-Security': 'max-age=15552000; preload', 'X-Content-Type-Options': 'nosniff', 'Content-Encoding': 'gzip', 'Transfer-Encoding': 'chunked', 'Set-Cookie': 'fr=0cNZERkLUyFWH6Gjv..BYDR-l.oo.AAA.0.0.BYDR-l.AWVmyoSs; expires=Sat, 21-Jan-2017 20:37:57 GMT; Max-Age=7776000; path=/; domain=.facebook.com; httponly', 'public-key-pins-report-only': 'max-age=500; pin-sha256=""WoiWRyIOVNa9ihaBciRSC7XHjliYS9VwUGOIud4PB18=""; pin-sha256=""r/mIkG3eEpVdm+u/ko/cwxzOMo1bk4TyHIlByibiA5E=""; pin-sha256=""q4PO2G2cbkZhZ82+JgmRUyGMoAeozA+BSXVXQWB8XWQ=""; report-uri=""http://reports.fb.com/hpkp/""', 'Vary': 'Accept-Encoding', 'X-FB-Debug': 'R8pyK0L78CJhA5y9vBv3trZaWHOFLILzRo1vM0lMv7mBbxZ7muBIqrdmyulGdaFOFXI3CP+BrGTNP7WiMOSfEw==', 'Connection': 'keep-alive', 'X-XSS-Protection': '0', 'Pragma': 'no-cache', 'Cache-Control': 'private, no-cache, no-store, must-revalidate', 'Date': 'Sun, 23 Oct 2016 20:37:57 GMT', 'P3P': 'CP=""Facebook does not have a P3P policy. Learn why here: http://fb.me/p3p""', 'Content-Type': 'text/html', 'Expires': 'Sat, 01 Jan 2000 00:00:00 GMT', 'X-Frame-Options': 'DENY'}","[(None, 42.866600000000005, -106.3131), (None, 42.866600000000005, -106.3131)]"
23,24,twitter.com,199.16.156.70,"{'last_updated': datetime.datetime(2013, 10, 7, 0, 0), 'name': 'twitter.com', 'expiration_date': datetime.datetime(2020, 1, 21, 0, 0), 'creation_date': datetime.datetime(2000, 1, 21, 0, 0), 'registrar': 'CSC CORPORATE DOMAINS, INC.', 'name_servers': set(['ns2.p34.dynect.net', 'ns1.p34.dynect.net', 'ns4.p34.dynect.net', 'ns3.p34.dynect.net'])}","['204.13.250.34', '208.78.70.34', '204.13.251.34', '208.78.71.34']","{'status': '200 OK', 'x-response-time': '273', 'content-length': '34519', 'strict-transport-security': 'max-age=631138519', 'x-twitter-response-tags': 'BouncerCompliant', 'x-transaction': '003116be000c52bb', 'x-content-type-options': 'nosniff', 'content-encoding': 'gzip', 'set-cookie': 'fm=0; Expires=Sun, 23 Oct 2016 20:37:50 UTC; Path=/; Domain=.twitter.com; Secure; HTTPOnly, _twitter_sess=BAh7CSIKZmxhc2hJQzonQWN0aW9uQ29udHJvbGxlcjo6Rmxhc2g6OkZsYXNo%250ASGFzaHsABjoKQHVzZWR7ADoPY3JlYXRlZF9hdGwrCNKqQ%252FNXAToMY3NyZl9p%250AZCIlOGEzN2E0ZjE3Nzk1OThhZGUwM2I2M2RjNDVmMTZiM2I6B2lkIiU4YzEy%250ANjU5NzE3NWMwOTQ5ZmFlOWE1NDBlODRhODExNg%253D%253D--d44fe0b5e9a421b88f63b7943cc77ad4186031f8; Path=/; Domain=.twitter.com; Secure; HTTPOnly', 'expires': 'Tue, 31 Mar 1981 05:00:00 GMT', 'server': 'tsa_b', 'last-modified': 'Sun, 23 Oct 2016 20:38:00 GMT', 'x-xss-protection': '1; mode=block', 'x-connection-hash': '79eb4852bd73431aadd0c342146f1d28', 'x-ua-compatible': 'IE=edge,chrome=1', 'pragma': 'no-cache', 'cache-control': 'no-cache, no-store, must-revalidate, pre-check=0, post-check=0', 'date': 'Sun, 23 Oct 2016 20:38:00 GMT', 'x-frame-options': 'SAMEORIGIN', 'content-type': 'text/html;charset=utf-8'}","[(u'Manchester', 42.98849999999999, -71.4652), (u'Manchester', 42.98849999999999, -71.4652), (u'Manchester', 42.98849999999999, -71.4652), (u'Manchester', 42.98849999999999, -71.4652)]"
24,25,instagram.com,52.0.219.254,"{'last_updated': datetime.datetime(2016, 4, 18, 0, 0), 'name': 'instagram.com', 'expiration_date': datetime.datetime(2022, 6, 4, 0, 0), 'creation_date': datetime.datetime(2004, 6, 4, 0, 0), 'registrar': 'REGISTRARSEC LLC', 'name_servers': set(['ns-1349.awsdns-40.org', 'ns-868.awsdns-44.net', 'ns-2016.awsdns-60.co.uk', 'ns-384.awsdns-48.com'])}","['205.251.197.69', '205.251.195.100', '205.251.199.224', '205.251.193.128']","{'Content-Length': '3251', 'Expires': 'Sat, 01 Jan 2000 00:00:00 GMT', 'Content-Language': 'en', 'Content-Encoding': 'gzip', 'Set-Cookie': 'sessionid=; expires=Thu, 01-Jan-1970 00:00:00 GMT; Max-Age=0; Path=/; HttpOnly; Domain=instagram.com, csrftoken=OCSfKF4trSXaOz9hURtxM3sPNxdVSZDk; expires=Sun, 22-Oct-2017 20:38:03 GMT; Max-Age=31449600; Path=/; secure, mid=WA0fqwAEAAGHtdp0XypAxLeK5mRX; expires=Sat, 18-Oct-2036 20:38:03 GMT; Max-Age=630720000; Path=/', 'Strict-Transport-Security': 'max-age=86400', 'Vary': 'Cookie, Accept-Language, Accept-Encoding', 'Connection': 'keep-alive', 'Pragma': 'no-cache', 'Cache-Control': 'private, no-cache, no-store, must-revalidate', 'Date': 'Sun, 23 Oct 2016 20:38:03 GMT', 'X-Frame-Options': 'SAMEORIGIN', 'Content-Type': 'text/html'}","[(u'Seattle', 47.610299999999995, -122.3341), (u'Seattle', 47.610299999999995, -122.3341), (u'Seattle', 47.610299999999995, -122.3341), (u'Seattle', 47.610299999999995, -122.3341)]"
25,26,pinterest.com,23.235.37.84,"{'last_updated': datetime.datetime(2015, 6, 8, 0, 0), 'name': 'pinterest.com', 'expiration_date': datetime.datetime(2020, 11, 26, 0, 0), 'creation_date': datetime.datetime(2009, 11, 26, 0, 0), 'registrar': 'MARKMONITOR INC.', 'name_servers': set(['ns1.pinterest.com', 'ns3.pinterest.com', 'ns2.pinterest.com', 'ns4.pinterest.com'])}","['208.78.70.60', '208.78.71.60', '204.13.250.60', '204.13.251.60']","{'X-Varnish': '1929455883', 'X-Content-Type-Options': 'nosniff', 'Content-Security-Policy': ""default-src 'self' https://*.pinterest.com https://*.pinimg.com  *.pinterest.com *.pinimg.com *.google.com connect.facebook.net *.google-analytics.com https://*.googleapis.com *.gstatic.com https://*.facebook.com *.facebook.com www.googleadservices.com googleads.g.doubleclick.net platform.twitter.com *.tiles.mapbox.com *.online-metrix.net *.bnc.lt bnc.lt *.yozio.com https://cdn.ampproject.org 'unsafe-inline' 'unsafe-eval'; media-src 'self' *.pinimg.com blob:; frame-src *; connect-src 'self' *.mapbox.com *.pinterest.com pinterest-media-upload.s3.amazonaws.com ; img-src * data:; report-uri /_/_/csp_report/"", 'Content-Encoding': 'gzip', 'Transfer-Encoding': 'chunked', 'Content-Type': 'text/html; charset=utf-8', 'Strict-Transport-Security': 'max-age=31556926; includeSubDomains', 'Vary': 'User-Agent, Cookie, Accept-Encoding', 'Connection': 'keep-alive, Transfer-Encoding', 'Server': 'nginx', 'X-Pinterest-RID': '880646129132', 'Pinterest-Generated-By': 'coreapp-webapp-prod-0a018b84', 'X-Xss-Protection': '1; mode=block', 'X-Ua-Compatible': 'IE=edge', 'Set-Cookie': '_auth=0; Domain=.pinterest.com; expires=Wed, 18-Oct-2017 20:38:06 GMT; httponly; Max-Age=31103999; Path=/; secure, csrftoken=A0Cd89hq7GG0hhm62tb8eHr1TRHUOkgm; expires=Sun, 22-Oct-2017 20:38:06 GMT; Max-Age=31449600; Path=/; secure, _pinterest_sess=TWc9PSZ5dUtmWHhKcURmdEJwMzI3WjdEMUJuUTNzRHJwQjFENjExejJhWm92QkcrUEZFcXVzNTc2M3R0SnU0OU9wQUZucHZnOGxsWkREOFJEUkwySlBnS056UVRMUmpRMDRwOUlLUHNWT0c4WHVEUzExNUUyNkl6Tks5b1J6bDVYOVZuM0plR3c3YjRlT0F2UmtlUFYvKzFDUmc9PSZMV1hBeE51K1FGVkh1UW83Z0IxbStiR0RSVDg9; Domain=.pinterest.com; expires=Wed, 18-Oct-2017 20:38:06 GMT; httponly; Max-Age=31103999; Path=/; secure', 'Date': 'Sun, 23 Oct 2016 20:38:06 GMT', 'P3p': 'CP=""This is not a P3P policy. See https://www.pinterest.com/_/_/help/articles/pinterest-and-p3p for more info.""', 'Pinterest-Version': 'f2d280f', 'X-Frame-Options': 'SAMEORIGIN'}","[(u'Manchester', 42.98849999999999, -71.4652), (u'Manchester', 42.98849999999999, -71.4652), (u'Manchester', 42.98849999999999, -71.4652), (u'Manchester', 42.98849999999999, -71.4652)]"
26,27,dropbox.com,108.160.172.238,"{'last_updated': datetime.datetime(2016, 8, 24, 0, 0), 'name': 'dropbox.com', 'expiration_date': datetime.datetime(2017, 6, 27, 0, 0), 'creation_date': datetime.datetime(1995, 6, 28, 0, 0), 'registrar': 'MARKMONITOR INC.', 'name_servers': set(['ns-315.awsdns-39.com', 'ns-1162.awsdns-17.org', 'ns-1949.awsdns-51.co.uk', 'ns-564.awsdns-06.net'])}","['205.251.193.59', '205.251.196.138', '205.251.199.157', '205.251.194.52']","{'X-Xss-Protection': '1; mode=block', 'X-Content-Type-Options': 'nosniff', 'Content-Security-Policy': ""default-src 'none' ; worker-src blob: ; style-src https://* 'unsafe-inline' 'unsafe-eval' ; connect-src https://* ws://127.0.0.1:*/ws ; child-src blob: ; img-src https://* data: blob: ; frame-src https://* carousel://* dbapi-6://* dbapi-7://* dbapi-8://* itms-apps://* itms-appss://* ; object-src https://cfl.dropboxstatic.com/static/ https://www.dropboxstatic.com/static/ 'self' https://flash.dropboxstatic.com https://swf.dropboxstatic.com https://dbxlocal.dropboxstatic.com ; media-src https://* blob: ; font-src https://* data: ; script-src 'unsafe-eval' https://www.dropbox.com/static/javascript/ https://www.dropbox.com/static/api/ https://cfl.dropboxstatic.com/static/javascript/ https://www.dropboxstatic.com/static/javascript/ https://cfl.dropboxstatic.com/static/api/ https://www.dropboxstatic.com/static/api/ https://www.google.com/recaptcha/api/ 'unsafe-inline'  'nonce-rPgitADAtjbR7/muWBrh' ;"", 'Content-Encoding': 'gzip', 'Transfer-Encoding': 'chunked', 'Set-Cookie': 'locale=en; Domain=dropbox.com; expires=Fri, 22 Oct 2021 20:38:10 GMT; Path=/; secure, gvc=MzM5MDczMzEwODczMDUxODYxNTgzNzQ2MjQ3NDEwNjkxNDI2NDE%3D; expires=Fri, 22 Oct 2021 20:38:10 GMT; httponly; Path=/; secure, __Host-js_csrf=zejztT2rnIuVVyHVEEXczih-; expires=Wed, 23 Oct 2019 20:38:10 GMT; Path=/; secure, t=zejztT2rnIuVVyHVEEXczih-; Domain=dropbox.com; expires=Wed, 23 Oct 2019 20:38:10 GMT; httponly; Path=/; secure, puc=; expires=Sun, 23 Oct 2016 20:38:10 GMT; httponly; Path=/; secure', 'Strict-Transport-Security': 'max-age=15552000; includeSubDomains', 'X-Server-Response-Time': '173', 'Server': 'nginx', 'X-Dropbox-Http-Protocol': 'None', 'Connection': 'keep-alive', 'X-Dropbox-Request-Id': '70d4eb1c6a13ca4700e34240d98dfc2e', 'Pragma': 'no-cache', 'Cache-Control': 'no-cache', 'Date': 'Sun, 23 Oct 2016 20:38:10 GMT', 'X-Frame-Options': 'SAMEORIGIN', 'Content-Type': 'text/html; charset=utf-8'}","[(u'Seattle', 47.610299999999995, -122.3341), (u'Seattle', 47.610299999999995, -122.3341), (u'Seattle', 47.610299999999995, -122.3341), (u'Seattle', 47.610299999999995, -122.3341)]"
27,28,box.com,107.152.24.196,"{'last_updated': datetime.datetime(2016, 10, 21, 0, 0), 'name': 'box.com', 'expiration_date': datetime.datetime(2017, 2, 17, 0, 0), 'creation_date': datetime.datetime(1999, 2, 17, 0, 0), 'registrar': 'MARKMONITOR INC.', 'name_servers': set(['ns-200.awsdns-25.com', 'ns1.p05.dynect.net', 'ns-1820.awsdns-35.co.uk', 'ns-891.awsdns-47.net', 'ns-1314.awsdns-36.org', 'ns3.p05.dynect.net', 'ns2.p05.dynect.net', 'ns4.p05.dynect.net'])}","['205.251.192.200', '208.78.70.5', '205.251.199.28', '205.251.195.123', '205.251.197.34', '208.78.71.5', '204.13.250.5', '204.13.251.5']","{'Content-Length': '38699', 'X-XSS-Protection': '1; mode=block', 'Content-language': 'en', 'X-Drupal-Dynamic-Cache': 'HIT', 'Last-Modified': 'Sun, 23 Oct 2016 20:28:26 GMT', 'X-Cache-Hits': '1185', 'X-Frame-Options': 'SAMEORIGIN', 'X-Request-ID': 'v-40bf23ce-995f-11e6-a877-22000a16159d', 'Expires': 'Sun, 19 Nov 1978 05:00:00 GMT', 'Link': '</node/501&gt; rel=""shortlink"", <//cdn03.boxcdn.net>; rel=dns-prefetch', 'Date': 'Sun, 23 Oct 2016 20:38:14 GMT', 'Age': '587', 'X-AH-Environment': 'prod', 'X-Varnish': '1730087212 1730079313', 'X-Cache': 'HIT', 'Accept-Ranges': 'bytes', 'Strict-Transport-Security': 'max-age=31536000', 'Server': 'ATS', 'Connection': 'keep-alive', 'x-dns-prefetch-control': 'on', 'Via': '1.1 varnish', 'X-Content-Type-Options': 'nosniff', 'Content-Encoding': 'gzip', 'Vary': 'Cookie,Accept-Encoding', 'ETag': '""1477254506""', 'X-UA-Compatible': 'IE=edge', 'Cache-Control': 'max-age=21600, public', 'Content-Type': 'text/html; charset=UTF-8', 'X-Generator': 'Drupal 8 (https://www.drupal.org)'}","[(u'Seattle', 47.610299999999995, -122.3341), (u'Manchester', 42.98849999999999, -71.4652), (u'Seattle', 47.610299999999995, -122.3341), (u'Seattle', 47.610299999999995, -122.3341), (u'Seattle', 47.610299999999995, -122.3341), (u'Manchester', 42.98849999999999, -71.4652), (u'Manchester', 42.98849999999999, -71.4652), (u'Manchester', 42.98849999999999, -71.4652)]"
28,29,google.com,216.58.219.206,"{'last_updated': datetime.datetime(2011, 7, 20, 0, 0), 'name': 'google.com', 'expiration_date': datetime.datetime(2020, 9, 14, 0, 0), 'creation_date': datetime.datetime(1997, 9, 15, 0, 0), 'registrar': 'MARKMONITOR INC.', 'name_servers': set(['ns3.google.com', 'ns4.google.com', 'ns1.google.com', 'ns2.google.com'])}","['216.239.36.10', '216.239.38.10', '216.239.32.10', '216.239.34.10']","{'Content-Length': '4391', 'X-XSS-Protection': '1; mode=block', 'Content-Encoding': 'gzip', 'Set-Cookie': 'NID=89=QKsCcv6im3HriOFcMxVbiEGPpJoTrhm14vy0kGO3z6Hhgv8xKBws85r_1faWXfPhu17NUyUVvcqNkDNRbSZywcO2mfClpCmq_2DX49YmeBzT9PU48TMZundU5xRlJglqYBviBwSFso0l3w; expires=Mon, 24-Apr-2017 20:38:22 GMT; path=/; domain=.google.com; HttpOnly', 'Expires': '-1', 'Server': 'gws', 'Cache-Control': 'private, max-age=0', 'Date': 'Sun, 23 Oct 2016 20:38:22 GMT', 'P3P': 'CP=""This is not a P3P policy! See https://www.google.com/support/accounts/answer/151657?hl=en for more info.""', 'Content-Type': 'text/html; charset=ISO-8859-1', 'X-Frame-Options': 'SAMEORIGIN'}","[(None, 34.05439999999999, -118.244), (None, 34.05439999999999, -118.244), (None, 34.05439999999999, -118.244), (None, 34.05439999999999, -118.244)]"
29,30,google.com,172.217.4.78,"{'last_updated': datetime.datetime(2011, 7, 20, 0, 0), 'name': 'google.com', 'expiration_date': datetime.datetime(2020, 9, 14, 0, 0), 'creation_date': datetime.datetime(1997, 9, 15, 0, 0), 'registrar': 'MARKMONITOR INC.', 'name_servers': set(['ns3.google.com', 'ns4.google.com', 'ns1.google.com', 'ns2.google.com'])}","['216.239.36.10', '216.239.38.10', '216.239.32.10', '216.239.34.10']","{'Content-Length': '4438', 'X-XSS-Protection': '1; mode=block', 'Content-Encoding': 'gzip', 'Set-Cookie': 'NID=89=m5kZ8ZsSHyW7H3VBTeP8DrRDRDFg5Qr8K-l_4zdIHplksqZ2MPLk-TwH0Aur_9ZAe72iozDhSahdfNFzGpbB6fwQTsym5vEyHtfgVMgVGDub0aEoK6uzLhpZy_aQV9Lo3bcctBnAiOtV9g; expires=Mon, 24-Apr-2017 20:38:24 GMT; path=/; domain=.google.com; HttpOnly', 'Expires': '-1', 'Server': 'gws', 'Cache-Control': 'private, max-age=0', 'Date': 'Sun, 23 Oct 2016 20:38:24 GMT', 'P3P': 'CP=""This is not a P3P policy! See https://www.google.com/support/accounts/answer/151657?hl=en for more info.""', 'Content-Type': 'text/html; charset=ISO-8859-1', 'X-Frame-Options': 'SAMEORIGIN'}","[(None, 34.05439999999999, -118.244), (None, 34.05439999999999, -118.244), (None, 34.05439999999999, -118.244), (None, 34.05439999999999, -118.244)]"
30,31,youtube.com,4.35.21.148,"{'last_updated': datetime.datetime(2016, 1, 14, 0, 0), 'name': 'youtube.com', 'expiration_date': datetime.datetime(2017, 2, 15, 0, 0), 'creation_date': datetime.datetime(2005, 2, 15, 0, 0), 'registrar': 'MARKMONITOR INC.', 'name_servers': set(['ns3.google.com', 'ns4.google.com', 'ns1.google.com', 'ns2.google.com'])}","['216.239.36.10', '216.239.38.10', '216.239.32.10', '216.239.34.10']","{'X-XSS-Protection': '1; mode=block; report=https://www.google.com/appserve/security-bugs/log/youtube', 'X-Content-Type-Options': 'nosniff', 'Content-Encoding': 'gzip', 'Transfer-Encoding': 'chunked', 'Expires': 'Tue, 27 Apr 1971 19:44:06 EST', 'Server': 'YouTubeFrontEnd', 'Strict-Transport-Security': 'max-age=31536000', 'Cache-Control': 'no-cache', 'Date': 'Sun, 23 Oct 2016 20:38:27 GMT', 'X-Frame-Options': 'SAMEORIGIN', 'Alt-Svc': 'quic="":443""; ma=2592000; v=""36,35,34""', 'Content-Type': 'text/html; charset=utf-8'}","[(None, 34.05439999999999, -118.244), (None, 34.05439999999999, -118.244), (None, 34.05439999999999, -118.244), (None, 34.05439999999999, -118.244)]"
31,32,wikipedia.org,208.80.154.224,"{'last_updated': None, 'name': 'wikipedia.org', 'expiration_date': None, 'creation_date': None, 'registrar': 'MarkMonitor Inc.', 'name_servers': set(['ns1.wikimedia.org', 'ns0.wikimedia.org', 'ns2.wikimedia.org'])}","['208.80.153.231', '208.80.154.238', '91.198.174.239']","{'X-Client-IP': '216.165.95.73', 'Content-Length': '18678', 'X-Varnish': '1462681236 1462677751, 2880347336 2767257004', 'X-Analytics': 'WMF-Last-Access=23-Oct-2016;https=1', 'Age': '25035', 'X-Cache': 'cp1053 hit/3, cp1054 hit/313950', 'X-Powered-By': 'HHVM/3.3.0-static', 'Accept-Ranges': 'bytes', 'Content-Encoding': 'gzip', 'Via': '1.1 varnish, 1.1 varnish', 'X-Cache-Status': 'hit', 'Server': 'mw1212.eqiad.wmnet', 'Last-Modified': 'Tue, 11 Oct 2016 13:09:40 GMT', 'Connection': 'keep-alive', 'ETag': '""1398e-53e9696d8ffa4""', 'Strict-Transport-Security': 'max-age=31536000; includeSubDomains; preload', 'Cache-Control': 's-maxage=86400, must-revalidate, max-age=3600', 'Date': 'Sun, 23 Oct 2016 20:38:31 GMT', 'Content-Type': 'text/html', 'Backend-Timing': 'D=203 t=1477230077296186'}","[(u'San Francisco', 37.789800000000014, -122.3942), (u'San Francisco', 37.789800000000014, -122.3942), (None, 52.38239999999999, 4.899499999999989)]"
32,33,amazon.com,54.239.26.128,"{'last_updated': datetime.datetime(2014, 4, 30, 0, 0), 'name': 'amazon.com', 'expiration_date': datetime.datetime(2022, 10, 31, 0, 0), 'creation_date': datetime.datetime(1994, 11, 1, 0, 0), 'registrar': 'MARKMONITOR INC.', 'name_servers': set(['pdns6.ultradns.co.uk', 'pdns1.ultradns.net', 'ns1.p31.dynect.net', 'ns3.p31.dynect.net', 'ns2.p31.dynect.net', 'ns4.p31.dynect.net'])}","['204.74.115.1', '204.74.108.1', '208.78.70.31', '208.78.71.31', '204.13.250.31', '204.13.251.31']","{'Content-Length': '797', 'Content-Encoding': 'gzip', 'Accept-Ranges': 'bytes', 'Vary': 'Cookie,Accept-Encoding,User-Agent', 'Server': 'Server', 'Last-Modified': 'Fri, 08 Jul 2016 23:26:59 GMT', 'ETag': '""562-537282398f6c0-gzip""', 'Date': 'Sun, 23 Oct 2016 20:38:34 GMT', 'Content-Type': 'text/html', 'Cneonction': 'close'}","[(u'Tempe', 33.3673, -111.9357), (u'San Mateo', 37.57409999999999, -122.321), (u'Manchester', 42.98849999999999, -71.4652), (u'Manchester', 42.98849999999999, -71.4652), (u'Manchester', 42.98849999999999, -71.4652), (u'Manchester', 42.98849999999999, -71.4652)]"
33,34,theverge.com,151.101.129.52,"{'last_updated': datetime.datetime(2016, 10, 21, 0, 0), 'name': 'theverge.com', 'expiration_date': datetime.datetime(2016, 11, 10, 0, 0), 'creation_date': datetime.datetime(1998, 11, 11, 0, 0), 'registrar': 'CSC CORPORATE DOMAINS, INC.', 'name_servers': set(['ns4.p16.dynect.net', 'ns1.p16.dynect.net', 'ns-11.awsdns-01.com', 'ns3.p16.dynect.net', 'ns-1312.awsdns-36.org', 'ns-1883.awsdns-43.co.uk', 'ns-637.awsdns-15.net', 'ns2.p16.dynect.net'])}","['204.13.251.16', '208.78.70.16', '205.251.192.11', '208.78.71.16', '205.251.197.32', '205.251.199.91', '205.251.194.125', '204.13.250.16']","{'X-Request-Id': '2b720d7cccb3479f793dc844592ad90363955f33', 'X-XSS-Protection': '1; mode=block', 'X-Cache': 'HIT', 'X-Content-Type-Options': 'nosniff', 'Content-Encoding': 'gzip', 'X-Served-By': 'cache-iad2128-IAD', 'Vary': 'Accept-Encoding, X-Chorus-Unison-Testing, Origin, X-Forwarded-Proto, X-Chorus-Unison-Testing', 'Accept-Ranges': 'bytes', 'X-Timer': 'S1477255116.940386,VS0,VE0', 'Connection': 'keep-alive', 'Content-Length': '88486', 'Server': 'nginx', 'Surrogate-Keys': 'nid-2 cid-372', 'X-Runtime': '0.274975', 'Via': '1.1 varnish-v4, 1.1 varnish', 'X-Cache-Hits': '2', 'Cache-Control': 'max-age=0, must-revalidate', 'Date': 'Sun, 23 Oct 2016 20:38:36 GMT', 'X-Frame-Options': 'SAMEORIGIN', 'Content-Type': 'text/html; charset=utf-8', 'Age': '122'}","[(u'Manchester', 42.98849999999999, -71.4652), (u'Manchester', 42.98849999999999, -71.4652), (u'Seattle', 47.610299999999995, -122.3341), (u'Manchester', 42.98849999999999, -71.4652), (u'Seattle', 47.610299999999995, -122.3341), (u'Seattle', 47.610299999999995, -122.3341), (u'Seattle', 47.610299999999995, -122.3341), (u'Manchester', 42.98849999999999, -71.4652)]"
34,35,engadget.com,149.174.98.148,"{'last_updated': datetime.datetime(2016, 1, 19, 0, 0), 'name': 'engadget.com', 'expiration_date': datetime.datetime(2017, 1, 23, 0, 0), 'creation_date': datetime.datetime(2004, 1, 23, 0, 0), 'registrar': 'CSC CORPORATE DOMAINS, INC.', 'name_servers': set(['dns-01.ns.aol.com', 'pdns1.ultradns.net', 'pdns2.ultradns.net', 'pdns4.ultradns.org', 'dns-06.ns.aol.com', 'pdns6.ultradns.co.uk', 'dns-07.ns.aol.com', 'pdns3.ultradns.org', 'pdns5.ultradns.info', 'dns-02.ns.aol.com'])}","['64.12.51.132', '204.74.108.1', '204.74.109.1', '199.7.69.1', '207.200.73.80', '204.74.115.1', '64.236.1.107', '199.7.68.1', '204.74.114.1', '205.188.157.232']","{'X-XSS-Protection': '1; mode=block', 'Set-Cookie': 'gdgt_edition=usa; expires=Mon, 23-Oct-2017 20:38:40 GMT; Max-Age=31536000; path=/; domain=.engadget.com; httponly, PHPSESSID=69vf6gfqp9sitl4l765kdk6tl2; path=/', 'Content-Encoding': 'gzip', 'transfer-encoding': 'chunked', 'request-id': 'ae5dea18-9960-11e6-a10a-12f5e3f1df48', 'X-AOL-HN': 'i-0fcad781ba59ccce1', 'Expires': 'Thu, 19 Nov 1981 08:52:00 GMT', 'Vary': 'Accept-Encoding', 'Server': 'Apache', 'Connection': 'keep-alive', 'Pragma': 'no-cache', 'Cache-Control': 'no-store, no-cache, must-revalidate, post-check=0, pre-check=0', 'Date': 'Sun, 23 Oct 2016 20:38:40 GMT', 'Content-Type': 'text/html; charset=UTF-8'}","[(None, 37.751000000000005, -97.822), (u'San Mateo', 37.57409999999999, -122.321), (u'Tempe', 33.3673, -111.9357), (u'Sterling', 38.9881, -77.4755), (None, 37.751000000000005, -97.822), (u'Tempe', 33.3673, -111.9357), (None, 37.751000000000005, -97.822), (u'Sterling', 38.9881, -77.4755), (u'Tempe', 33.3673, -111.9357), (None, 37.751000000000005, -97.822)]"
35,36,lifehacker.com,151.101.1.34,"{'last_updated': datetime.datetime(2016, 8, 7, 0, 0), 'name': 'lifehacker.com', 'expiration_date': datetime.datetime(2018, 9, 8, 0, 0), 'creation_date': datetime.datetime(2004, 9, 8, 0, 0), 'registrar': 'MARKMONITOR INC.', 'name_servers': set(['dns3.p07.nsone.net', 'dns4.p07.nsone.net', 'dns1.p07.nsone.net', 'dns2.p07.nsone.net'])}","['198.51.44.71', '198.51.45.71', '198.51.44.7', '198.51.45.7']","{'Content-Length': '71140', 'X-XSS-Protection': '1; mode=block', 'X-Kinja-Server': 'app02.bfc.kinja-ops.com', 'X-Cache-Hits': '3', 'X-Served-By': 'cache-jfk8135-JFK', 'Date': 'Sun, 23 Oct 2016 20:38:43 GMT', 'Accept-Ranges': 'bytes', 'X-Cache': 'HIT', 'Set-Cookie': 'geocc=US;path=/;', 'Age': '195', 'Strict-Transport-Security': 'max-age=0', 'X-Kinja-Build': '1824', 'Connection': 'keep-alive', 'x-cdn-fetch': 'mantle-default', 'P3P': 'CP=""IDC DSP COR CURa ADMa OUR IND PHY ONL COM STA""', 'X-Geo-Segment': 'A', 'Via': '1.1 varnish', 'X-Content-Type-Options': 'nosniff', 'Content-Encoding': 'gzip', 'X-Timer': 'S1477255123.250018,VS0,VE0', 'Vary': 'Accept-Encoding, X-Feature-Hash, X-Forwarded-Proto, X-Geo-Segment,Accept-Encoding', 'X-Kinja': 'app02.bfc.kinja-ops.com #1824', 'Cache-Control': 'stale-if-error=86400, stale-while-revalidate=300', 'X-Kinja-Revision': '9149efcef4a7afefa7fb4ca3fdafebfeca3b955a', 'Content-Type': 'text/html; charset=utf-8'}","[(u'New York', 40.688799999999986, -74.0203), (u'New York', 40.688799999999986, -74.0203), (u'New York', 40.688799999999986, -74.0203), (u'New York', 40.688799999999986, -74.0203)]"
36,37,9to5mac.com,192.0.79.33,"{'last_updated': datetime.datetime(2016, 3, 15, 0, 0), 'name': '9to5mac.com', 'expiration_date': datetime.datetime(2021, 1, 5, 0, 0), 'creation_date': datetime.datetime(2007, 1, 5, 0, 0), 'registrar': 'ENOM, INC.', 'name_servers': set(['ns2.wordpress.com', 'ns3.wordpress.com'])}","['198.181.117.9', '192.0.74.9']","{'X-nananana': 'Batcache', 'Transfer-Encoding': 'chunked', 'Content-Encoding': 'gzip', 'Vary': 'Accept-Encoding, Cookie', 'X-ac': '4.ewr _dca', 'Server': 'nginx', 'Last-Modified': 'Sun, 23 Oct 2016 20:36:54 GMT', 'Connection': 'keep-alive', 'Link': '<http://wp.me/1xtr9>; rel=shortlink', 'Cache-Control': 'max-age=189, must-revalidate', 'Date': 'Sun, 23 Oct 2016 20:38:45 GMT', 'X-hacker': ""If you're reading this, you should visit automattic.com/jobs and apply to join the fun, mention this header."", 'Content-Type': 'text/html; charset=UTF-8'}","[(u'San Francisco', 37.748400000000004, -122.4156), (u'San Francisco', 37.748400000000004, -122.4156)]"
37,38,tuaw.com,207.200.74.38,"{'last_updated': datetime.datetime(2016, 6, 12, 0, 0), 'name': 'tuaw.com', 'expiration_date': datetime.datetime(2017, 6, 16, 0, 0), 'creation_date': datetime.datetime(2004, 6, 16, 0, 0), 'registrar': 'CSC CORPORATE DOMAINS, INC.', 'name_servers': set(['dns-01.ns.aol.com', 'dns-06.ns.aol.com', 'dns-02.ns.aol.com', 'dns-07.ns.aol.com'])}","['64.12.51.132', '207.200.73.80', '205.188.157.232', '64.236.1.107']","{'Content-Length': '26901', 'X-XSS-Protection': '1; mode=block', 'Set-Cookie': 'gdgt_edition=usa; expires=Mon, 23-Oct-2017 20:38:48 GMT; Max-Age=31536000; path=/; domain=.engadget.com; httponly, PHPSESSID=v4o65v1v0jusqfu6lqd7mgiv34; path=/', 'Content-Encoding': 'gzip', 'request-id': 'b319469c-9960-11e6-ad1c-1238158204ee', 'X-AOL-HN': 'i-0337dc7c5dbc57b26', 'Expires': 'Thu, 19 Nov 1981 08:52:00 GMT', 'Vary': 'Accept-Encoding', 'Server': 'Apache', 'Connection': 'keep-alive', 'Pragma': 'no-cache', 'Cache-Control': 'no-store, no-cache, must-revalidate, post-check=0, pre-check=0', 'Date': 'Sun, 23 Oct 2016 20:38:48 GMT', 'Content-Type': 'text/html; charset=UTF-8'}","[(None, 37.751000000000005, -97.822), (None, 37.751000000000005, -97.822), (None, 37.751000000000005, -97.822), (None, 37.751000000000005, -97.822)]"
38,39,phandroid.com,173.193.28.71,"{'last_updated': datetime.datetime(2015, 8, 8, 0, 0), 'name': 'phandroid.com', 'expiration_date': datetime.datetime(2020, 11, 5, 0, 0), 'creation_date': datetime.datetime(2007, 11, 5, 0, 0), 'registrar': 'DOMAIN.COM, LLC', 'name_servers': set(['ns2.neverstill.com', 'ns1.neverstill.com'])}","['173.192.24.227', '173.192.24.226']","{'X-XSS-Protection': '1; mode=block', 'X-Content-Type-Options': 'nosniff', 'Content-Encoding': 'gzip', 'Transfer-Encoding': 'chunked', 'Set-Cookie': 'PHPSESSID=0c1b019a4d5dcb58889e558693e89bf0; expires=Sun, 23-Oct-2016 23:38:51 GMT; Max-Age=10800; path=/', 'Expires': 'Sun, 23 Oct 2016 20:43:51 GMT', 'Vary': 'Accept-Encoding,User-Agent', 'Keep-Alive': 'timeout=30', 'Server': 'nginx', 'Last-Modified': 'Sun, 23 Oct 2016 20:38:51 GMT', 'Connection': 'keep-alive', 'Link': '<http://phandroid.com/wp-json/>; rel=""https://api.w.org/""', 'Pragma': 'public', 'Cache-Control': 'max-age=300, public', 'Date': 'Sun, 23 Oct 2016 20:38:51 GMT', 'Content-Type': 'text/html; charset=UTF-8'}","[(u'Dallas', 32.78309999999999, -96.8067), (u'Dallas', 32.78309999999999, -96.8067)]"
39,40,huffingtonpost.com,64.12.79.57,"{'last_updated': datetime.datetime(2016, 8, 26, 0, 0), 'name': 'huffingtonpost.com', 'expiration_date': datetime.datetime(2017, 3, 10, 0, 0), 'creation_date': datetime.datetime(2005, 3, 10, 0, 0), 'registrar': 'CSC CORPORATE DOMAINS, INC.', 'name_servers': set(['ns2.p132.dynect.net', 'ns4.p132.dynect.net', 'ns1.p132.dynect.net', 'pdns120.ultradns.com', 'ns3.p132.dynect.net', 'pdns120.ultradns.net', 'pdns120.ultradns.biz', 'pdns120.ultradns.org'])}","['204.13.250.132', '204.13.251.132', '208.78.70.132', '156.154.64.120', '208.78.71.132', '156.154.65.120', '156.154.66.120', '156.154.67.120']","{'Status': '200 OK', 'X-Request-Id': 'c4d13c18-8105-446d-90ac-cc8b8fa22432', 'X-XSS-Protection': '1; mode=block', 'X-Content-Type-Options': 'nosniff', 'X-Cache': 'HIT', 'Content-Encoding': 'gzip', 'X-HP-Trace-ID': '5Olgct-V', 'Accept-Ranges': 'bytes', 'Vary': 'Accept-Encoding', 'Content-Length': '42510', 'Server': 'ECD (ewr/15B4)', 'Last-Modified': 'Sun, 23 Oct 2016 20:38:27 GMT', 'X-Runtime': '0.087537', 'X-HP-Trace-Project': 'HPMW/production/dcfc7b9', 'X-Mobile-URL': 'http://m.huffpost.com/', 'Cache-Control': 'max-age=30, public, must_revalidate=false', 'Date': 'Sun, 23 Oct 2016 20:38:55 GMT', 'X-Frame-Options': 'ALLOWALL', 'Content-Type': 'text/html; charset=utf-8', 'Age': '29'}","[(u'Manchester', 42.98849999999999, -71.4652), (u'Manchester', 42.98849999999999, -71.4652), (u'Manchester', 42.98849999999999, -71.4652), (u'Sterling', 39.0138, -77.3987), (u'Manchester', 42.98849999999999, -71.4652), (u'Sterling', 39.0138, -77.3987), (u'Sterling', 39.0138, -77.3987), (u'Sterling', 39.0138, -77.3987)]"
40,41,buzzfeed.com,75.101.132.179,"{'last_updated': datetime.datetime(2015, 8, 25, 0, 0), 'name': 'buzzfeed.com', 'expiration_date': datetime.datetime(2018, 8, 7, 0, 0), 'creation_date': datetime.datetime(2002, 8, 7, 0, 0), 'registrar': 'MARKMONITOR INC.', 'name_servers': set(['ns-166.awsdns-20.com', 'ns-1367.awsdns-42.org', 'ns-1015.awsdns-62.net', 'ns-1554.awsdns-02.co.uk'])}","['205.251.192.166', '205.251.197.87', '205.251.195.247', '205.251.198.18']","{'Content-Length': '102107', 'Content-Security-Policy': 'upgrade-insecure-requests', 'X-BuzzFeed': 'buzzfeed-prod-web13', 'X-Cache-Hits': '2', 'X-Frame-Options': 'SAMEORIGIN', 'X-Served-By': 'cache-iad2130-IAD', 'Expires': 'Sun, 23 Oct 2016 20:39:02 GMT', 'Date': 'Sun, 23 Oct 2016 20:38:57 GMT', 'Age': '56', 'X-Cache': 'HIT', 'Accept-Ranges': 'bytes', 'Strict-Transport-Security': 'max-age=120; preload', 'Server': 'nginx', 'X-BuzzFeed-Debug': '/indexbeta', 'Connection': 'keep-alive', 'X-SiteRouter-Upstream': 'webapp', 'Via': '1.1 varnish', 'Content-Encoding': 'gzip', 'X-Timer': 'S1477255137.948619,VS0,VE0', 'Vary': 'X-BF-User-Edition, X-BF-Device-Type, Accept-Encoding, X-BF-ABeagle', 'Cache-Control': 'public, max-age=60', 'Content-Type': 'text/html; charset=utf-8'}","[(u'Seattle', 47.610299999999995, -122.3341), (u'Seattle', 47.610299999999995, -122.3341), (u'Seattle', 47.610299999999995, -122.3341), (u'Seattle', 47.610299999999995, -122.3341)]"
41,42,mashable.com,96.6.122.192,"{'last_updated': datetime.datetime(2013, 6, 16, 0, 0), 'name': 'mashable.com', 'expiration_date': datetime.datetime(2019, 7, 19, 0, 0), 'creation_date': datetime.datetime(2005, 7, 19, 0, 0), 'registrar': 'GODADDY.COM, LLC', 'name_servers': set(['use1.akam.net', 'usw1.akam.net', 'usc2.akam.net', 'ns1-139.akam.net'])}","['72.246.46.64', '23.61.199.66', '184.26.160.64', '193.108.91.139']","{'Status': '200 OK', 'X-Request-Id': '6634080c3a690c6b08ee1318bfc3eb9a', 'X-Served-By': 'web3-vir', 'Content-Encoding': 'gzip', 'Transfer-Encoding': 'chunked', 'X-Akamai-Mashable-Country': 'US', 'Accept-Ranges': 'bytes', 'Vary': 'Accept-Encoding', 'Connection': 'keep-alive, Transfer-Encoding', 'X-Cacheable': 'Yes', 'Server': 'nginx/1.8.1', 'X-Runtime': '0.214451', 'X-Cache-Hits': '6', 'X-UA-Compatible': 'IE=edge,chrome=1,IE=Edge,chrome=1', 'Cache-Control': 'public, private, must-revalidate, max-age=36', 'Date': 'Sun, 23 Oct 2016 20:39:00 GMT', 'Content-Type': 'text/html; charset=utf-8'}","[(u'Amsterdam', 52.349999999999994, 4.916699999999992), (u'Amsterdam', 52.349999999999994, 4.916699999999992), (u'Amsterdam', 52.349999999999994, 4.916699999999992), (None, 47.0, 8.0)]"
42,43,businessinsider.com,23.235.33.64,"{'last_updated': datetime.datetime(2015, 4, 19, 0, 0), 'name': 'businessinsider.com', 'expiration_date': datetime.datetime(2022, 9, 8, 0, 0), 'creation_date': datetime.datetime(1998, 3, 6, 0, 0), 'registrar': 'GODADDY.COM, LLC', 'name_servers': set(['ns2.p14.dynect.net', 'ns1.p14.dynect.net', 'ns4.p14.dynect.net', 'ns3.p14.dynect.net'])}","['204.13.250.14', '208.78.70.14', '204.13.251.14', '208.78.71.14']","{'Content-Length': '21085', 'Via': '1.1 varnish', 'X-Cache': 'HIT', 'Content-Encoding': 'gzip', 'Accept-Ranges': 'bytes', 'X-Timer': 'S1477255148.193503,VS0,VE0', 'Vary': 'Accept-Encoding,Fastly-SSL', 'X-Served-By': 'local (via local), cache-iad2635-IAD', 'Server': 'Apache/2.2.22 (Ubuntu)', 'Connection': 'keep-alive', 'X-Meta-Tbi-Cache-Vertical': '/businessinsider/', 'X-Cache-Hits': '5', 'Cache-Control': 'public, max-age=30', 'Date': 'Sun, 23 Oct 2016 20:39:08 GMT', 'Content-Type': 'text/html', 'Age': '625'}","[(u'Manchester', 42.98849999999999, -71.4652), (u'Manchester', 42.98849999999999, -71.4652), (u'Manchester', 42.98849999999999, -71.4652), (u'Manchester', 42.98849999999999, -71.4652)]"
43,44,techcrunch.com,192.0.79.32,"{'last_updated': datetime.datetime(2016, 6, 6, 0, 0), 'name': 'techcrunch.com', 'expiration_date': datetime.datetime(2017, 6, 10, 0, 0), 'creation_date': datetime.datetime(2005, 6, 10, 0, 0), 'registrar': 'CSC CORPORATE DOMAINS, INC.', 'name_servers': set(['ns1.wordpress.com', 'ns2.wordpress.com', 'ns3.wordpress.com'])}","['198.181.116.9', '198.181.117.9', '192.0.74.9']","{'Strict-Transport-Security': 'max-age=31536000', 'X-nananana': 'Batcache', 'Transfer-Encoding': 'chunked', 'Content-Encoding': 'gzip', 'Vary': 'Accept-Encoding, Cookie', 'Server': 'nginx', 'Last-Modified': 'Sun, 23 Oct 2016 20:34:21 GMT', 'Connection': 'keep-alive', 'Link': '<http://wp.me/1FaB8>; rel=shortlink', 'Cache-Control': 'max-age=11, must-revalidate', 'Date': 'Sun, 23 Oct 2016 20:39:10 GMT', 'X-hacker': ""If you're reading this, you should visit automattic.com/jobs and apply to join the fun, mention this header."", 'Content-Type': 'text/html; charset=UTF-8'}","[(u'San Francisco', 37.748400000000004, -122.4156), (u'San Francisco', 37.748400000000004, -122.4156), (u'San Francisco', 37.748400000000004, -122.4156)]"
44,45,gizmodo.com,151.101.1.34,"{'last_updated': datetime.datetime(2015, 12, 10, 0, 0), 'name': 'gizmodo.com', 'expiration_date': datetime.datetime(2017, 7, 1, 0, 0), 'creation_date': datetime.datetime(2002, 7, 1, 0, 0), 'registrar': 'MARKMONITOR INC.', 'name_servers': set(['dns3.p07.nsone.net', 'dns4.p07.nsone.net', 'dns1.p07.nsone.net', 'dns2.p07.nsone.net'])}","['198.51.44.71', '198.51.45.71', '198.51.44.7', '198.51.45.7']","{'Content-Length': '73096', 'X-XSS-Protection': '1; mode=block', 'X-Kinja-Server': 'app03.xyz.kinja-ops.com', 'X-Cache-Hits': '2', 'X-Served-By': 'cache-jfk8138-JFK', 'Date': 'Sun, 23 Oct 2016 20:39:13 GMT', 'Accept-Ranges': 'bytes', 'X-Cache': 'HIT', 'Set-Cookie': 'geocc=US;path=/;', 'Age': '209', 'Strict-Transport-Security': 'max-age=0', 'X-Kinja-Build': '1824', 'Connection': 'keep-alive', 'x-cdn-fetch': 'mantle-default', 'P3P': 'CP=""IDC DSP COR CURa ADMa OUR IND PHY ONL COM STA""', 'X-Geo-Segment': 'A', 'Via': '1.1 varnish', 'X-Content-Type-Options': 'nosniff', 'Content-Encoding': 'gzip', 'X-Timer': 'S1477255153.509532,VS0,VE0', 'Vary': 'Accept-Encoding, X-Feature-Hash, X-Forwarded-Proto, X-Geo-Segment,Accept-Encoding', 'X-Kinja': 'app03.xyz.kinja-ops.com #1824', 'Cache-Control': 'stale-if-error=86400, stale-while-revalidate=300', 'X-Kinja-Revision': '9149efcef4a7afefa7fb4ca3fdafebfeca3b955a', 'Content-Type': 'text/html; charset=utf-8'}","[(u'New York', 40.688799999999986, -74.0203), (u'New York', 40.688799999999986, -74.0203), (u'New York', 40.688799999999986, -74.0203), (u'New York', 40.688799999999986, -74.0203)]"
45,46,theblaze.com,216.185.145.121,"{'last_updated': datetime.datetime(2016, 8, 25, 0, 0), 'name': 'theblaze.com', 'expiration_date': datetime.datetime(2017, 9, 26, 0, 0), 'creation_date': datetime.datetime(2000, 9, 26, 0, 0), 'registrar': 'MARKMONITOR INC.', 'name_servers': set(['ns4.p27.dynect.net', 'ns3.p27.dynect.net', 'ns2.p27.dynect.net', 'ns1.p27.dynect.net'])}","['204.13.251.27', '208.78.71.27', '204.13.250.27', '208.78.70.27']","{'Content-Length': '39883', 'Content-Encoding': 'gzip', 'Vary': 'Accept-Encoding', 'Server': 'Apache', 'Date': 'Sun, 23 Oct 2016 20:39:16 GMT', 'Connection': 'keep-alive', 'Cache-Control': 'max-age=37', 'Varnish-X-Cache': 'HIT', 'Varnish-X-Cache-Hits': '5', 'Content-Type': 'text/html; charset=UTF-8'}","[(u'Manchester', 42.98849999999999, -71.4652), (u'Manchester', 42.98849999999999, -71.4652), (u'Manchester', 42.98849999999999, -71.4652), (u'Manchester', 42.98849999999999, -71.4652)]"
46,47,venturebeat.com,104.239.226.208,"{'last_updated': datetime.datetime(2014, 11, 18, 0, 0), 'name': 'venturebeat.com', 'expiration_date': datetime.datetime(2019, 3, 14, 0, 0), 'creation_date': datetime.datetime(2005, 3, 14, 0, 0), 'registrar': 'GODADDY.COM, LLC', 'name_servers': set(['ns-101.awsdns-12.com', 'ns-1252.awsdns-28.org', 'ns-848.awsdns-42.net', 'ns-2012.awsdns-59.co.uk'])}","['205.251.192.101', '205.251.196.228', '205.251.195.80', '205.251.199.220']","{'Content-Length': '162', 'Set-Cookie': 'X-Mapping-fjhppofk=C33592B4DACFBE90226F23BF210BCA5A; path=/', 'Keep-Alive': 'timeout=20', 'Server': 'nginx', 'Connection': 'keep-alive', 'Date': 'Sun, 23 Oct 2016 20:39:19 GMT', 'Content-Type': 'text/html'}","[(u'Seattle', 47.610299999999995, -122.3341), (u'Seattle', 47.610299999999995, -122.3341), (u'Seattle', 47.610299999999995, -122.3341), (u'Seattle', 47.610299999999995, -122.3341)]"
47,48,cnn.com,151.101.64.73,"{'last_updated': datetime.datetime(2016, 9, 15, 0, 0), 'name': 'cnn.com', 'expiration_date': datetime.datetime(2018, 9, 21, 0, 0), 'creation_date': datetime.datetime(1993, 9, 22, 0, 0), 'registrar': 'CSC CORPORATE DOMAINS, INC.', 'name_servers': set(['ns-1086.awsdns-07.org', 'ns-576.awsdns-08.net', 'ns-1630.awsdns-11.co.uk', 'ns-47.awsdns-05.com'])}","['205.251.196.62', '205.251.194.64', '205.251.198.94', '205.251.192.47']","{'Content-Length': '30197', 'X-XSS-Protection': '1; mode=block', 'x-servedByHost': 'prd-10-61-7-145.nodes.ec2.dmtio.net', 'Content-Security-Policy': ""default-src 'self' http://*.cnn.com:* https://*.cnn.com:* *.cnn.net:* *.turner.com:* *.ugdturner.com:* *.vgtf.net:*; script-src 'unsafe-inline' 'unsafe-eval' 'self' *; style-src 'unsafe-inline' 'self' * blob:; frame-src 'self' *; object-src 'self' *; img-src 'self' * data: blob:; media-src 'self' * blob:; font-src 'self' *; connect-src 'self' *;"", 'Content-Encoding': 'gzip', 'X-Cache': 'HIT', 'Set-Cookie': 'countryCode=US; Domain=.cnn.com; Path=/, geoData=New York|NY|10003|US|NA; Domain=.cnn.com; Path=/', 'Accept-Ranges': 'bytes', 'X-Timer': 'S1477255162.570725,VS0,VE0', 'Vary': 'Accept-Encoding', 'X-Served-By': 'cache-iad2143-IAD', 'Connection': 'keep-alive', 'Via': '1.1 varnish', 'X-Cache-Hits': '7', 'Cache-Control': 'max-age=60', 'Date': 'Sun, 23 Oct 2016 20:39:22 GMT', 'Access-Control-Allow-Origin': '*', 'Content-Type': 'text/html; charset=utf-8', 'Age': '14'}","[(u'Seattle', 47.610299999999995, -122.3341), (u'Seattle', 47.610299999999995, -122.3341), (u'Seattle', 47.610299999999995, -122.3341), (u'Seattle', 47.610299999999995, -122.3341)]"
48,49,nytimes.com,170.149.161.130,"{'last_updated': datetime.datetime(2016, 10, 21, 0, 0), 'name': 'nytimes.com', 'expiration_date': datetime.datetime(2023, 1, 19, 0, 0), 'creation_date': datetime.datetime(1994, 1, 18, 0, 0), 'registrar': 'MARKMONITOR INC.', 'name_servers': set(['ns3.p24.dynect.net', 'dns-plx.ewr1.nytimes.com', 'ns2.p24.dynect.net', 'ns1.p24.dynect.net', 'ns4.p24.dynect.net', 'dns-plx.sea1.nytimes.com'])}","['208.78.71.24', '170.149.161.134', '204.13.250.24', '208.78.70.24', '204.13.251.24', '170.149.159.134']","{'X-API-Version': '5-5', 'X-Cache': 'hit', 'Content-Encoding': 'gzip', 'X-App-Name': 'homepage', 'Set-Cookie': 'nyt-a=b58c432de841405d8f2f49a878ad77fe;path=/;domain=.nytimes.com;expires=Mon, 23 Oct 2017 20:39:30 UTC', 'Age': '1013', 'Vary': 'Host', 'Server': 'Apache', 'Transfer-Encoding': 'chunked', 'Connection': 'close', 'Cache-Control': 'no-cache', 'Date': 'Sun, 23 Oct 2016 20:39:30 GMT', 'X-Frame-Options': 'DENY', 'Content-Type': 'text/html; charset=utf-8', 'X-PageType': 'homepage'}","[(u'Manchester', 42.98849999999999, -71.4652), (u'Newark', 40.73570000000001, -74.1724), (u'Manchester', 42.98849999999999, -71.4652), (u'Manchester', 42.98849999999999, -71.4652), (u'Manchester', 42.98849999999999, -71.4652), (u'Seattle', 47.6062, -122.3321)]"
49,50,theonion.com,104.237.151.238,"{'last_updated': datetime.datetime(2014, 11, 26, 0, 0), 'name': 'theonion.com', 'expiration_date': datetime.datetime(2019, 3, 22, 0, 0), 'creation_date': datetime.datetime(1995, 3, 21, 0, 0), 'registrar': 'NETWORK SOLUTIONS, LLC.', 'name_servers': set(['ns4.linode.com', 'ns5.linode.com', 'ns2.linode.com', 'ns3.linode.com', 'ns1.linode.com'])}","['162.159.26.99', '162.159.24.25', '162.159.24.39', '162.159.25.129', '162.159.27.72']","{'X-Px': 'rf-ms h0-s2051.p9-jfk ( h0-s2109.p9-jfk), ht h0-s2109.p9-jfk.cdngp.net', 'Content-Length': '21939', 'Content-Encoding': 'gzip', 'Age': '367', 'Expires': 'Sun, 23 Oct 2016 20:43:27 GMT', 'Vary': 'Accept-Encoding', 'Server': 'PWS/8.1.41.3', 'Connection': 'keep-alive', 'Cache-Control': 'max-age=600', 'Date': 'Sun, 23 Oct 2016 20:39:34 GMT', 'Content-Type': 'text/html; charset=utf-8'}","[(u'San Francisco', 37.7697, -122.39330000000001), (u'San Francisco', 37.7697, -122.39330000000001), (u'San Francisco', 37.7697, -122.39330000000001), (u'San Francisco', 37.7697, -122.39330000000001), (u'San Francisco', 37.7697, -122.39330000000001)]"
50,51,xkcd.com,23.235.37.67,"{'last_updated': datetime.datetime(2014, 5, 5, 0, 0), 'name': 'xkcd.com', 'expiration_date': datetime.datetime(2019, 1, 26, 0, 0), 'creation_date': datetime.datetime(2003, 1, 26, 0, 0), 'registrar': 'GODADDY.COM, LLC', 'name_servers': set(['dns2.p03.nsone.net', 'dns3.p03.nsone.net', 'dns4.p03.nsone.net', 'dns1.p03.nsone.net'])}","['198.51.45.3', '198.51.44.67', '198.51.45.67', '198.51.44.3']","{'X-Timer': 'S1477255177.004993,VS0,VE0', 'Content-Length': '2657', 'Via': '1.1 varnish', 'X-Cache': 'HIT', 'Content-Encoding': 'gzip', 'Accept-Ranges': 'bytes', 'Expires': 'Fri, 21 Oct 2016 13:05:04 GMT', 'Vary': 'Accept-Encoding', 'X-Served-By': 'cache-jfk8131-JFK', 'Server': 'lighttpd/1.4.28', 'Last-Modified': 'Fri, 21 Oct 2016 12:59:03 GMT', 'Connection': 'keep-alive', 'ETag': '""3429939399""', 'X-Cache-Hits': '2', 'Cache-Control': 'public, max-age=300', 'Date': 'Sun, 23 Oct 2016 20:39:37 GMT', 'Content-Type': 'text/html; charset=utf-8', 'Age': '55'}","[(u'New York', 40.688799999999986, -74.0203), (u'New York', 40.688799999999986, -74.0203), (u'New York', 40.688799999999986, -74.0203), (u'New York', 40.688799999999986, -74.0203)]"
51,52,macrumors.com,162.254.116.23,"{'last_updated': datetime.datetime(2015, 8, 2, 0, 0), 'name': 'macrumors.com', 'expiration_date': datetime.datetime(2022, 2, 24, 0, 0), 'creation_date': datetime.datetime(2000, 2, 24, 0, 0), 'registrar': 'MONIKER ONLINE SERVICES LLC', 'name_servers': set(['ns2.hostduplex.com', 'ns3.hostduplex.com', 'ns1.hostduplex.com'])}","['67.203.15.20', '162.254.116.10', '208.100.49.74']","{'Content-Length': '34930', 'Via': '1.1 varnish', 'X-Cache': 'A-HIT', 'Content-Encoding': 'gzip', 'Accept-Ranges': 'bytes', 'X-Timer': 'S1477255180.104294,VS0,VE0', 'Vary': 'Accept-Encoding,User-Agent', 'Server': 'Apache', 'Connection': 'keep-alive', 'X-Served-By': 'cache-iad2625-IAD', 'X-Cache-Hits': '5', 'Date': 'Sun, 23 Oct 2016 20:39:40 GMT', 'Content-Type': 'text/html', 'Age': '296'}","[(u'Las Vegas', 36.1113, -115.2791), (None, 37.751000000000005, -97.822), (u'Chicago', 41.87450000000001, -87.6503)]"
52,53,jalopnik.com,151.101.1.34,"{'last_updated': datetime.datetime(2016, 8, 7, 0, 0), 'name': 'jalopnik.com', 'expiration_date': datetime.datetime(2018, 9, 8, 0, 0), 'creation_date': datetime.datetime(2004, 9, 8, 0, 0), 'registrar': 'MARKMONITOR INC.', 'name_servers': set(['dns4.p05.nsone.net', 'dns1.p05.nsone.net', 'dns3.p05.nsone.net', 'dns2.p05.nsone.net'])}","['198.51.45.69', '198.51.44.5', '198.51.44.69', '198.51.45.5']","{'Content-Length': '71267', 'X-XSS-Protection': '1; mode=block', 'X-Kinja-Server': 'app08.bfc.kinja-ops.com', 'X-Cache-Hits': '1', 'X-Served-By': 'cache-jfk8148-JFK', 'Date': 'Sun, 23 Oct 2016 20:39:43 GMT', 'Accept-Ranges': 'bytes', 'X-Cache': 'HIT', 'Set-Cookie': 'geocc=US;path=/;', 'Age': '1', 'Strict-Transport-Security': 'max-age=0', 'X-Kinja-Build': '1824', 'Connection': 'keep-alive', 'x-cdn-fetch': 'mantle-default', 'P3P': 'CP=""IDC DSP COR CURa ADMa OUR IND PHY ONL COM STA""', 'X-Geo-Segment': 'A', 'Via': '1.1 varnish', 'X-Content-Type-Options': 'nosniff', 'Content-Encoding': 'gzip', 'X-Timer': 'S1477255183.234516,VS0,VE0', 'Vary': 'Accept-Encoding, X-Feature-Hash, X-Forwarded-Proto, X-Geo-Segment,Accept-Encoding', 'X-Kinja': 'app08.bfc.kinja-ops.com #1824', 'Cache-Control': 'stale-if-error=86400, stale-while-revalidate=300', 'X-Kinja-Revision': '9149efcef4a7afefa7fb4ca3fdafebfeca3b955a', 'Content-Type': 'text/html; charset=utf-8'}","[(u'New York', 40.688799999999986, -74.0203), (u'New York', 40.688799999999986, -74.0203), (u'New York', 40.688799999999986, -74.0203), (u'New York', 40.688799999999986, -74.0203)]"
53,54,slashgear.com,208.43.55.27,"{'last_updated': datetime.datetime(2015, 2, 27, 0, 0), 'name': 'slashgear.com', 'expiration_date': datetime.datetime(2020, 12, 18, 0, 0), 'creation_date': datetime.datetime(2005, 12, 18, 0, 0), 'registrar': 'GODADDY.COM, LLC', 'name_servers': set(['dns2.easydns.net', 'ns2.softlayer.com', 'dns3.easydns.org', 'dns1.easydns.com', 'ns1.softlayer.com'])}","['198.41.222.254', '67.228.255.5', '64.68.196.10', '64.68.192.10', '67.228.254.4']","{'WP-Super-Cache': 'Served supercache file from PHP', 'Content-Length': '8992', 'Content-Encoding': 'gzip', 'Accept-Ranges': 'bytes', 'Vary': 'Accept-Encoding, Cookie', 'Server': 'LiteSpeed', 'Last-Modified': 'Sun, 23 Oct 2016 20:39:35 GMT', 'Connection': 'Keep-Alive', 'Cache-Control': 'max-age=3, must-revalidate', 'Date': 'Sun, 23 Oct 2016 20:39:46 GMT', 'Content-Type': 'text/html; charset=UTF-8'}","[(u'San Francisco', 37.7697, -122.39330000000001), (u'Dallas', 32.78309999999999, -96.8067), (u'Toronto', 43.63829999999999, -79.4301), (u'Toronto', 43.63829999999999, -79.4301), (u'Dallas', 32.78309999999999, -96.8067)]"
54,55,americanthinker.com,66.240.200.100,"{'last_updated': datetime.datetime(2015, 12, 11, 0, 0), 'name': 'americanthinker.com', 'expiration_date': datetime.datetime(2022, 4, 24, 0, 0), 'creation_date': datetime.datetime(2003, 4, 24, 0, 0), 'registrar': 'ENOM, INC.', 'name_servers': set(['ns11.dnsmadeeasy.com', 'ns13.dnsmadeeasy.com', 'ns12.dnsmadeeasy.com', 'ns15.dnsmadeeasy.com', 'ns10.dnsmadeeasy.com', 'ns14.dnsmadeeasy.com'])}","['208.80.124.4', '208.80.125.4', '208.80.126.4', '208.94.149.4', '208.94.148.4', '208.80.127.4']","{'Content-Length': '62849', 'x-amz-id-2': 'xBhTeMrXkBc7CmkgCfIp/gjuDn7OtMGqXYAgJCmsRNBIpAh+DBMZ/nv8D2xPToE6VLTb0Ci8Sm0=', 'Server': 'AmazonS3', 'Last-Modified': 'Sun, 23 Oct 2016 14:00:00 GMT', 'ETag': '""0ce28162279ffdfcaf659d429980f1ce""', 'x-amz-request-id': 'C5F2D0631F0481D4', 'Date': 'Sun, 23 Oct 2016 20:39:50 GMT', 'Content-Type': 'text/html'}","[(u'Reston', 38.93109999999999, -77.3489), (u'Reston', 38.93109999999999, -77.3489), (u'Reston', 38.93109999999999, -77.3489), (u'Reston', 38.93109999999999, -77.3489), (u'Reston', 38.93109999999999, -77.3489), (u'Reston', 38.93109999999999, -77.3489)]"
55,56,autoblog.com,149.174.110.102,"{'last_updated': datetime.datetime(2016, 5, 27, 0, 0), 'name': 'autoblog.com', 'expiration_date': datetime.datetime(2017, 5, 31, 0, 0), 'creation_date': datetime.datetime(2003, 5, 31, 0, 0), 'registrar': 'CSC CORPORATE DOMAINS, INC.', 'name_servers': set(['dns-01.ns.aol.com', 'dns-06.ns.aol.com', 'dns-02.ns.aol.com', 'dns-07.ns.aol.com'])}","['64.12.51.132', '207.200.73.80', '205.188.157.232', '64.236.1.107']","{'Content-Language': 'en-US', 'Content-Encoding': 'gzip', 'Transfer-Encoding': 'chunked', 'Set-Cookie': '_ab_user=7; Expires=Tue, 22-Nov-2016 20:39:51 GMT; Path=/, _ab_t_scarfState=50; Expires=Tue, 22-Nov-2016 20:39:51 GMT; Path=/, _ab_t_pubExchange=12; Expires=Tue, 22-Nov-2016 20:39:51 GMT; Path=/, _ab_t_cardotcomPortletLayout=16; Expires=Tue, 22-Nov-2016 20:39:51 GMT; Path=/, _ab_t_compareSocialSolicitationPlacement=49; Expires=Tue, 22-Nov-2016 20:39:51 GMT; Path=/', 'Server': 'Apache-Coyote/1.1', 'Date': 'Sun, 23 Oct 2016 20:39:51 GMT', 'Cache-Control': 'no-store', 'X-AOL-SNH': 'd5196fddc717c055dd1d4a8a69b4ab0a', 'Access-Control-Allow-Origin': '*', 'Access-Control-Allow-Methods': 'POST, GET, OPTIONS, PUT, DELETE', 'Content-Type': 'text/html;charset=UTF-8'}","[(None, 37.751000000000005, -97.822), (None, 37.751000000000005, -97.822), (None, 37.751000000000005, -97.822), (None, 37.751000000000005, -97.822)]"
56,57,consumerist.com,192.0.79.33,"{'last_updated': datetime.datetime(2013, 10, 1, 0, 0), 'name': 'consumerist.com', 'expiration_date': datetime.datetime(2019, 3, 1, 0, 0), 'creation_date': datetime.datetime(2000, 3, 1, 0, 0), 'registrar': 'MARKMONITOR INC.', 'name_servers': set(['ns1.wordpress.com', 'ns2.wordpress.com'])}","['198.181.116.9', '198.181.117.9']","{'Strict-Transport-Security': 'max-age=31536000', 'X-nananana': 'Batcache', 'Transfer-Encoding': 'chunked', 'Content-Encoding': 'gzip', 'Vary': 'Accept-Encoding, Cookie', 'Server': 'nginx', 'Last-Modified': 'Sun, 23 Oct 2016 20:38:33 GMT', 'Connection': 'keep-alive', 'Link': '<http://wp.me/2L7Ik>; rel=shortlink', 'Cache-Control': 'max-age=219, must-revalidate', 'Date': 'Sun, 23 Oct 2016 20:39:54 GMT', 'X-hacker': ""If you're reading this, you should visit automattic.com/jobs and apply to join the fun, mention this header."", 'Content-Type': 'text/html; charset=UTF-8'}","[(u'San Francisco', 37.748400000000004, -122.4156), (u'San Francisco', 37.748400000000004, -122.4156)]"
57,58,bgr.com,192.0.79.33,"{'last_updated': datetime.datetime(2016, 3, 23, 0, 0), 'name': 'bgr.com', 'expiration_date': datetime.datetime(2017, 4, 21, 0, 0), 'creation_date': datetime.datetime(2003, 4, 21, 0, 0), 'registrar': 'ENOM, INC.', 'name_servers': set(['ns1.wordpress.com', 'ns2.wordpress.com', 'ns3.wordpress.com'])}","['198.181.116.9', '198.181.117.9', '192.0.74.9']","{'X-nananana': 'Batcache', 'Transfer-Encoding': 'chunked', 'Content-Encoding': 'gzip', 'Vary': 'Accept-Encoding, Cookie', 'X-ac': '4.ewr _dca', 'Server': 'nginx', 'Last-Modified': 'Sun, 23 Oct 2016 20:36:48 GMT', 'Connection': 'keep-alive', 'Link': '<http://wp.me/2sPFm>; rel=shortlink', 'X-UA-Compatible': 'IE=Edge', 'Cache-Control': 'max-age=111, must-revalidate', 'Date': 'Sun, 23 Oct 2016 20:39:57 GMT', 'X-hacker': ""If you're reading this, you should visit automattic.com/jobs and apply to join the fun, mention this header."", 'Content-Type': 'text/html; charset=UTF-8'}","[(u'San Francisco', 37.748400000000004, -122.4156), (u'San Francisco', 37.748400000000004, -122.4156), (u'San Francisco', 37.748400000000004, -122.4156)]"
